GMT Date,GMT Time,GPS Latitude,GPS Longitude,VOCs-LC-PPM PPM,MS3-LC-PPM PPM,Hydrogen Sulfide-LC-PPM PPM,Methane-LC-PPM PPM,MS2-LC-PPM PPM,Ammonia-LC-PPM PPM,Wind Speed m/s,Wind Direction ï¿½,Daily Rain mm,Solar Sensor W/m2,UV Sensor UV index,Barometric Pressure KPa,Internal Temperature-C,Internal Humidity-%,External Temperature-C,External Humidity-%,Odour Unit Odour Unit
2/27/2017,22:57:44,43.834333,-79.333026,0.83,10.89,0.063,0,0.717,225.376,0,197,0,0.965,0,100.261,29.3,11.5,23.6,17.2,0
2/27/2017,22:59:14,43.834306,-79.333053,0.276,1.934,0.101,170.755,0.187,77.627,0,202,0,0,0,100.261,29.4,11.5,23.6,17.3,0
2/27/2017,23:00:44,43.834306,-79.333053,0.229,0.298,0.063,117.044,0.054,47.178,0,205,0,2.412,0,100.256,29.5,11.5,23.6,17.3,0
2/27/2017,23:02:14,43.834306,-79.333053,0.183,0.19,0.07,0,0.031,45.552,0,197,0.4,0,0,100.253,29.6,11.6,23.6,17.2,0
2/27/2017,23:03:44,43.834306,-79.333053,0.195,0.077,0.067,23.049,0.023,41.392,0,173,27,2.412,0,100.255,29.6,11.6,23.4,17.3,0
2/27/2017,23:05:14,43.834306,-79.333053,0.183,0.05,0.05,0,0.015,34.101,0,168,27.2,0.482,0,100.259,29.8,11.6,23.4,17.2,0
2/27/2017,23:06:44,43.834306,-79.333053,0.149,0.029,0.043,0,0.01,33.388,0,172,27.2,0,0,100.249,29.9,11.6,23.4,17.1,0
2/27/2017,23:08:14,43.834306,-79.333053,0.102,0.025,0.062,0,0.008,36.65,0,174,28.2,0,0,100.253,29.8,11.6,23.4,17.1,0
2/27/2017,23:09:44,43.834306,-79.333053,0.091,0.023,0.046,0,0.009,32.857,0,175,28.2,1.93,0,100.251,29.9,11.5,23.4,17.3,0
2/27/2017,23:09:44,43.834306,-79.333053,0.091,0.023,0.046,0,0.009,32.857,0,175,28.2,1.93,0,100.251,29.9,11.5,23.4,17.3,0
2/27/2017,23:12:44,43.834306,-79.333053,0.114,0.025,0.052,49.905,0.008,38.897,0,176,28.2,0,0,100.254,30,11.5,23.3,17.3,0
2/27/2017,23:20:32,43.834306,-79.333053,0.449,1.699,0.059,36.477,0.583,181.941,0,176,0,0.965,0,100.258,29.8,11,23.2,17.1,0
2/27/2017,23:22:02,43.834306,-79.333053,0.114,0.208,0.055,0,0.116,68.619,0,168,0,0.482,0,100.26,29.8,11.2,23.1,17.4,0
2/27/2017,23:23:32,43.834306,-79.333053,0.068,0.01,0.046,0,0.025,40.022,0,171,0,0.482,0,100.262,29.8,11.3,23.1,17.4,0
2/27/2017,23:25:02,43.834306,-79.333053,0.183,0.003,0.047,0,0.012,34.222,0,172,0.2,0,0,100.264,29.7,11.4,23.1,17.3,0
2/27/2017,23:26:32,43.834306,-79.333053,0.183,0.003,0.038,23.049,0.017,18.784,0,172,0.2,0,0.005,100.259,29.8,11.5,23,17.7,0
2/27/2017,23:28:02,43.834306,-79.333053,0.137,0.003,0.041,0,0.018,20.168,0,173,0.2,0.965,0,100.261,29.7,11.5,23.2,17.5,0
2/27/2017,23:29:32,43.834306,-79.333053,0.079,0.003,0.039,0,0.016,20.736,0,171,0.2,0,0,100.265,29.8,11.5,23.3,17.4,0
2/27/2017,23:31:02,43.834306,-79.333053,0.16,0.003,0.036,0,0.015,21.023,0,171,0.2,0,0,100.264,29.9,11.5,23.1,17.3,0
2/27/2017,23:32:32,43.834306,-79.333053,0.16,0.003,0.031,49.905,0.011,19.47,0,173,0.2,0,0,100.264,30,11.6,23.1,17.4,0
2/27/2017,23:32:32,43.834306,-79.333053,0.16,0.003,0.031,49.905,0.011,19.47,0,173,0.2,0,0,100.264,30,11.6,23.1,17.4,0
2/27/2017,23:35:32,43.834306,-79.333053,0.102,0.002,0.026,0,0.01,19.057,0,170,0.2,0,0.005,100.263,30,11.6,23,17.4,0
2/27/2017,23:37:02,43.834306,-79.333053,0.102,0.003,0.034,0,0.009,18.784,0,168,0.2,0,0.011,100.264,30.1,11.5,22.9,17.4,0
2/27/2017,23:38:32,43.834306,-79.333053,0.125,0.002,0.029,0,0.009,17.977,0,171,0.2,0,0,100.268,30.1,11.6,22.9,17.5,0
2/27/2017,23:40:02,43.834306,-79.333053,0.149,0.002,0.035,0,0.007,17.319,0,174,0.2,0.965,0.005,100.266,30.2,11.6,22.9,17.5,0
2/27/2017,23:41:32,43.834306,-79.333053,0.172,0.002,0.038,9.622,0.005,20.593,0,171,0.2,0.965,0.027,100.26,30.2,11.6,22.8,17.5,0
2/27/2017,23:43:02,43.834306,-79.333053,0.033,0.003,0.038,0,0.008,19.608,0,168,0.2,0,0.005,100.258,30.3,11.5,22.8,17.6,0
2/27/2017,23:43:02,43.834306,-79.333053,0.033,0.003,0.038,0,0.008,19.608,0,168,0.2,0,0.005,100.258,30.3,11.5,22.8,17.6,0
2/27/2017,23:46:02,43.834306,-79.333053,0.137,0.002,0.027,0,0.006,21.167,0,169,0,0,0.016,100.257,30.4,11.5,22.8,17.5,0
2/27/2017,23:47:32,43.834306,-79.333053,0.102,0.002,0.033,0,0.006,19.057,0,170,0,0,0.005,100.255,30.5,11.5,22.6,17.6,0
2/27/2017,23:49:02,43.834306,-79.333053,0.068,0.002,0.042,0,0.008,20.736,0,171,0,0,0,100.256,30.6,11.4,22.7,17.6,0
2/27/2017,23:50:32,43.834306,-79.333053,0.079,0.002,0.043,0,0.01,20.593,0,172,0,0,0,100.252,30.6,11.4,22.7,17.7,0
2/27/2017,23:52:02,43.834306,-79.333053,0.091,0.002,0.041,0,0.011,21.749,0,168,0,0,0.005,100.257,30.6,11.4,22.6,17.7,0
2/27/2017,23:53:32,43.834306,-79.333053,0.16,0.002,0.036,0,0.011,20.168,0,172,0,0,0.011,100.253,30.7,11.3,22.6,17.8,0
2/27/2017,23:55:02,43.834306,-79.333053,0.16,0.002,0.039,76.76,0.01,19.887,0,175,0,0,0.005,100.257,30.8,11.4,22.7,17.9,0
2/27/2017,23:56:32,43.834306,-79.333053,0.102,0.001,0.057,76.76,0.009,23.846,0,171,0,0,0,100.256,30.8,11.3,22.8,17.9,0
2/27/2017,23:58:02,43.834306,-79.333053,0.218,0.002,0.045,0,0.008,21.312,0,170,0,0,0.016,100.253,30.8,11.3,22.8,17.9,0
2/27/2017,23:59:33,43.834306,-79.333053,0.125,0.002,0.041,0,0.011,21.603,0,172,0,0.482,0.016,100.252,30.8,11.3,22.7,18,0
2/28/2017,0:01:02,43.834306,-79.333053,0.125,0.002,0.035,0,0.008,20.593,0,169,0,0,0,100.258,30.7,11.3,22.9,17.9,0
2/28/2017,0:02:33,43.834306,-79.333053,0.079,0.002,0.036,0,0.006,20.309,0,169,0,0.965,0,100.259,30.9,11.3,22.7,17.9,0
2/28/2017,0:02:33,43.834306,-79.333053,0.079,0.002,0.036,0,0.006,20.309,0,169,0,0.965,0,100.259,30.9,11.3,22.7,17.9,0
2/28/2017,0:05:33,43.834306,-79.333053,0.114,0.001,0.024,0,0.005,20.168,0,172,0,1.447,0.027,100.259,30.9,11.3,22.7,17.9,0
2/28/2017,0:07:03,43.834306,-79.333053,0.033,0.002,0.029,0,0.004,18.784,0,170,0,0.482,0.011,100.263,30.9,11.2,22.8,17.7,0
2/28/2017,0:08:33,43.834306,-79.333053,0.045,0.001,0.033,23.049,0.003,17.06,0,172,0,0,0.016,100.262,31,11.2,22.7,17.7,0
2/28/2017,0:10:04,43.834306,-79.333053,0.079,0.001,0.02,0,0.004,16.42,0,174,0,0,0.016,100.265,31,11.2,22.6,17.6,0
2/28/2017,0:11:33,43.834306,-79.333053,0.172,0.002,0.027,0,0.004,16.42,0,175,0,0,0.005,100.259,31,11.1,22.7,17.7,0
2/28/2017,0:13:04,43.834306,-79.333053,0.022,0.002,0.04,0,0.004,18.11,0,170,0,0.965,0,100.257,31.1,11.1,22.6,17.7,0
2/28/2017,0:13:04,43.834306,-79.333053,0.022,0.002,0.04,0,0.004,18.11,0,170,0,0.965,0,100.257,31.1,11.1,22.6,17.7,0
2/28/2017,0:16:04,43.834306,-79.333053,0.102,0.001,0.025,0,0.004,17.845,0,173,0,0,0,100.258,31.1,11.1,22.5,17.7,0
2/28/2017,0:17:34,43.834306,-79.333053,0.068,0.001,0.029,0,0.003,19.057,0,170,0,0,0,100.257,31.1,11,22.5,17.7,0
2/28/2017,0:19:04,43.834306,-79.333053,0.149,0.001,0.039,0,0.004,20.879,0,169,0,0,0,100.259,31.2,11,22.4,17.7,0
2/28/2017,0:20:34,43.834306,-79.333053,0.091,0.002,0.045,0,0.005,21.749,0,171,0,0,0.021,100.259,31.2,11,22.5,17.7,0
2/28/2017,0:22:04,43.834306,-79.333053,0.056,0.001,0.047,0,0.005,21.312,0,171,0,0,0.027,100.255,31.2,11,22.5,17.8,0
2/28/2017,0:23:34,43.834306,-79.333053,0.114,0.001,0.046,0,0.005,19.748,0,171,0,0,0,100.255,31.2,11,22.5,17.8,0
2/28/2017,0:25:04,43.834306,-79.333053,0.172,0.001,0.047,0,0.005,21.603,0,171,0,0,0,100.258,31.3,11,22.5,17.9,0
2/28/2017,0:26:34,43.834306,-79.333053,0.137,0.001,0.032,103.616,0.004,20.736,0,171,0,0,0,100.257,31.2,11,22.6,18,0
2/28/2017,0:28:04,43.834306,-79.333053,0.079,0.001,0.035,0,0.005,20.028,0,172,0,0,0.011,100.256,31.3,11,22.6,17.9,0
2/28/2017,0:29:34,43.834306,-79.333053,0.079,0.001,0.036,9.622,0.004,22.19,0,171,0,0,0.016,100.257,31.3,10.9,22.6,18,0
2/28/2017,0:31:04,43.834306,-79.333053,0.068,0.001,0.039,0,0.005,20.168,0,171,0,0,0.011,100.262,31.3,10.9,22.7,18.1,0
2/28/2017,0:32:34,43.834306,-79.333053,0.172,0.001,0.046,117.044,0.004,21.749,0,170,0,1.93,0,100.26,31.2,10.9,22.6,18.1,0
2/28/2017,0:32:34,43.834306,-79.333053,0.172,0.001,0.046,117.044,0.004,21.749,0,170,0,1.93,0,100.26,31.2,10.9,22.6,18.1,0
2/28/2017,0:35:34,43.834306,-79.333053,0.183,0.001,0.031,211.038,0.004,23.693,0,172,0,0,0.011,100.268,31.3,10.9,22.6,18.1,0
2/28/2017,0:37:04,43.834306,-79.333053,0.045,0.001,0.038,0,0.005,21.896,0,167,0,0,0.005,100.268,31.3,10.8,22.6,18,0
2/28/2017,0:38:34,43.834306,-79.333053,0.033,0.001,0.043,130.471,0.003,22.936,0,168,0,2.412,0.011,100.272,31.4,10.9,22.5,17.9,0
2/28/2017,0:40:04,43.834306,-79.333053,0.033,0.001,0.032,0,0.003,19.887,0,171,0,0,0,100.282,31.4,10.9,22.5,17.8,0
2/28/2017,0:41:34,43.834306,-79.333053,0.056,0.001,0.04,0,0.002,21.167,0,170,0,0,0.021,100.284,31.4,10.9,22.5,17.8,0
2/28/2017,0:43:04,43.834306,-79.333053,0.01,0.001,0.032,23.049,0.004,19.608,0,166,0,2.412,0,100.294,31.4,10.8,22.4,17.7,0
2/28/2017,0:43:04,43.834306,-79.333053,0.01,0.001,0.032,23.049,0.004,19.608,0,166,0,2.412,0,100.294,31.4,10.8,22.4,17.7,0
2/28/2017,0:46:05,43.834306,-79.333053,0.045,0.001,0.034,0,0.003,21.312,0,167,0,0.482,0,100.294,31.4,10.8,22.4,17.8,0
2/28/2017,0:47:35,43.834306,-79.333053,0.149,0.001,0.039,0,0.004,20.309,0,170,0,0,0,100.301,31.4,10.8,22.4,17.9,0
2/28/2017,0:49:05,43.834306,-79.333053,0.114,0.001,0.039,0,0.004,19.47,0,174,0,0,0,100.305,31.4,10.7,22.4,17.9,0
2/28/2017,0:50:35,43.834306,-79.333053,0.091,0.001,0.033,23.049,0.004,19.608,0,173,0,0.482,0.005,100.31,31.5,10.8,22.5,18,0
2/28/2017,0:52:05,43.834306,-79.333053,0.114,0.001,0.04,0,0.004,20.736,0,169,0,0,0,100.31,31.4,10.7,22.5,18.1,0
2/28/2017,0:53:35,43.834306,-79.333053,0.137,0.001,0.046,0,0.002,23.541,0,168,0,1.447,0,100.312,31.4,10.8,22.5,18.1,0
2/28/2017,0:55:05,43.834306,-79.333053,0.022,0.001,0.046,0,0.004,22.338,0,171,0,0,0,100.314,31.4,10.8,22.6,18.1,0
2/28/2017,0:56:35,43.834306,-79.333053,0.079,0.001,0.04,0,0.004,21.312,0,165,0,0.482,0,100.311,31.5,10.7,22.5,18.2,0
2/28/2017,0:58:05,43.834306,-79.333053,0.079,0.002,0.04,0,0.004,20.309,0,169,0,0,0,100.317,31.4,10.7,22.5,18.2,0
2/28/2017,0:59:35,43.834306,-79.333053,0.033,0.001,0.042,0,0.003,21.312,0,168,0,0,0.011,100.318,31.6,10.7,22.5,18.3,0
2/28/2017,1:01:05,43.834306,-79.333053,0.114,0.002,0.033,0,0.004,19.332,0,175,0,0,0.016,100.318,31.6,10.7,22.5,18.2,0
2/28/2017,1:02:35,43.834306,-79.333053,0.114,0.001,0.027,0,0.003,19.47,0,174,0,0,0,100.318,31.5,10.7,22.5,18.1,0
2/28/2017,1:02:35,43.834306,-79.333053,0.114,0.001,0.027,0,0.003,19.47,0,174,0,0,0,100.318,31.5,10.7,22.5,18.1,0
2/28/2017,1:05:35,43.834306,-79.333053,0.091,0.001,0.027,0,0.002,17.977,0,175,0,0,0.005,100.312,31.5,10.7,22.4,18.1,0
2/28/2017,1:07:05,43.834306,-79.333053,0.056,0.001,0.019,90.188,0.002,20.309,0,172,0,0,0,100.31,31.6,10.7,22.4,18.1,0
2/28/2017,1:08:35,43.834306,-79.333053,0.056,0.002,0.034,0,0.002,19.47,0,173,0,0,0,100.308,31.5,10.7,22.4,18.1,0
2/28/2017,1:10:05,43.834306,-79.333053,0.056,0.001,0.036,0,0.002,20.593,0,172,0,1.93,0,100.31,31.6,10.7,22.3,18.1,0
2/28/2017,1:11:35,43.834306,-79.333053,0.045,0.001,0.035,0,0.003,21.023,0,172,0,0,0,100.312,31.6,10.6,22.4,18.2,0
2/28/2017,1:13:05,43.834306,-79.333053,0.022,0.002,0.035,0,0.003,19.608,0,175,0,0,0.038,100.316,31.6,10.6,22.4,18.2,0
2/28/2017,1:13:05,43.834306,-79.333053,0.022,0.002,0.035,0,0.003,19.608,0,175,0,0,0.038,100.316,31.6,10.6,22.4,18.2,0
2/28/2017,1:16:05,43.834306,-79.333053,0.068,0.001,0.029,0,0.003,21.312,0,173,0,0.482,0,100.32,31.6,10.7,22.3,18.2,0
2/28/2017,1:17:35,43.834306,-79.333053,0.091,0.001,0.05,0,0.003,24.618,0,170,0,0,0.011,100.317,31.6,10.7,22.5,18.3,0
2/28/2017,1:19:05,43.834306,-79.333053,0.125,0.001,0.039,0,0.003,21.167,0,168,0,0,0.005,100.316,31.6,10.7,22.5,18.3,0
2/28/2017,1:20:35,43.834306,-79.333053,0.079,0.001,0.048,0,0.002,21.896,0,170,0,0,0.016,100.307,31.6,10.7,22.5,18.4,0
2/28/2017,1:22:05,43.834306,-79.333053,0.102,0.001,0.036,0,0.003,19.887,0,170,0,1.447,0,100.305,31.6,10.6,22.5,18.5,0
2/28/2017,1:23:35,43.834306,-79.333053,0.01,0.001,0.041,0,0.003,20.593,0,168,0,0.482,0,100.305,31.6,10.6,22.4,18.4,0
2/28/2017,1:25:05,43.834306,-79.333053,0.068,0.001,0.032,0,0.003,20.451,0,172,0,0,0,100.308,31.7,10.6,22.4,18.3,0
2/28/2017,1:26:35,43.834306,-79.333053,0.079,0.001,0.038,0,0.003,19.748,0,170,0,0,0.011,100.313,31.7,10.6,22.3,18.2,0
2/28/2017,1:28:05,43.834306,-79.333053,0.079,0.001,0.039,76.76,0.002,21.749,0,170,0,0,0.016,100.31,31.6,10.6,22.4,18.3,0
2/28/2017,1:29:35,43.834306,-79.333053,0.022,0.001,0.046,0,0.002,21.603,0,169,0,0,0,100.31,31.6,10.6,22.3,18.3,0
2/28/2017,1:31:05,43.834306,-79.333053,0.102,0.001,0.045,0,0.002,22.636,0,169,0,0,0,100.312,31.7,10.6,22.3,18.3,0
2/28/2017,1:32:35,43.834306,-79.333053,0.091,0.001,0.04,0,0.002,20.879,0,168,0,0.482,0,100.309,31.7,10.6,22.3,18.4,0
2/28/2017,1:32:35,43.834306,-79.333053,0.091,0.001,0.04,0,0.002,20.879,0,168,0,0.482,0,100.309,31.7,10.6,22.3,18.4,0
2/28/2017,1:35:35,43.834306,-79.333053,0.079,0.001,0.028,0,0.002,19.194,0,174,0,0,0,100.313,31.6,10.6,22.3,18.4,0
2/28/2017,1:37:05,43.834306,-79.333053,0.149,0.001,0.027,0,0.002,19.194,0,173,0,0,0.005,100.31,31.7,10.5,22.4,18.4,0
2/28/2017,1:38:35,43.834306,-79.333053,0,0.001,0.041,0,0.002,20.593,0,172,0,0.482,0,100.312,31.7,10.6,22.4,18.4,0
2/28/2017,1:40:05,43.834306,-79.333053,0.045,0.001,0.047,9.622,0.002,22.936,0,169,0,0,0,100.315,31.6,10.6,22.4,18.4,0
2/28/2017,1:41:35,43.834306,-79.333053,0.091,0.001,0.027,76.76,0.002,22.338,0,172,0,0,0,100.322,31.7,10.6,22.4,18.5,0
2/28/2017,1:43:05,43.834306,-79.333053,0.079,0.001,0.031,0,0.002,20.593,0,171,0,0,0.005,100.325,31.6,10.6,22.4,18.5,0
2/28/2017,1:43:05,43.834306,-79.333053,0.079,0.001,0.031,0,0.002,20.593,0,171,0,0,0.005,100.325,31.6,10.6,22.4,18.5,0
2/28/2017,1:46:05,43.834306,-79.333053,0.033,0.001,0.027,0,0.003,21.749,0,170,0,0,0,100.329,31.7,10.5,22.4,18.5,0
2/28/2017,1:47:35,43.834306,-79.333053,0,0.001,0.029,0,0.002,22.19,0,172,0,0,0,100.329,31.7,10.5,22.3,18.4,0
2/28/2017,1:49:05,43.834306,-79.333053,0.068,0.001,0.036,0,0.002,20.451,0,172,0,0,0.021,100.33,31.7,10.5,22.3,18.4,0
2/28/2017,1:50:35,43.834306,-79.333053,0.033,0.002,0.036,0,0.002,21.312,0,172,0,0,0,100.332,31.7,10.5,22.2,18.4,0
2/28/2017,1:52:05,43.834306,-79.333053,0.114,0.001,0.038,0,0.002,21.749,0,171,0,0.965,0,100.34,31.6,10.5,22.2,18.5,0
2/28/2017,1:53:35,43.834306,-79.333053,0.056,0.001,0.045,0,0.002,22.043,0,169,0,0,0,100.341,31.8,10.5,22.3,18.5,0
2/28/2017,1:55:05,43.834306,-79.333053,0.068,0.001,0.047,103.616,0.002,23.389,0,170,0,0,0,100.34,31.7,10.6,22.3,18.5,0
2/28/2017,1:56:35,43.834306,-79.333053,0.022,0.001,0.043,0,0.002,22.043,0,168,0,0,0.005,100.34,31.7,10.5,22.4,18.5,0
2/28/2017,1:58:05,43.834306,-79.333053,0.045,0.001,0.045,0,0.002,22.487,0,168,0,0,0.005,100.337,31.7,10.5,22.4,18.6,0
2/28/2017,1:59:35,43.834306,-79.333053,0.114,0.001,0.05,0,0.002,22.636,0,167,0,1.93,0,100.343,31.7,10.5,22.4,18.5,0
2/28/2017,2:01:05,43.834306,-79.333053,0.079,0.001,0.038,0,0.002,20.736,0,169,0,0,0,100.339,31.7,10.5,22.4,18.6,0
2/28/2017,2:02:35,43.834306,-79.333053,0.102,0.001,0.036,0,0.002,21.167,0,170,0,0.965,0,100.337,31.7,10.5,22.4,18.6,0
2/28/2017,2:02:35,43.834306,-79.333053,0.102,0.001,0.036,0,0.002,21.167,0,170,0,0.965,0,100.337,31.7,10.5,22.4,18.6,0
2/28/2017,2:05:35,43.834306,-79.333053,0.068,0.001,0.034,0,0.002,21.749,0,170,0,0.482,0.016,100.336,31.7,10.5,22.4,18.6,0
2/28/2017,2:07:05,43.834306,-79.333053,0.033,0.001,0.035,0,0.002,20.593,0,172,0,0,0,100.34,31.6,10.5,22.3,18.6,0
2/28/2017,2:08:35,43.834306,-79.333053,0.056,0.001,0.034,0,0.002,22.043,0,165,0,0,0.005,100.343,31.7,10.5,22.3,18.6,0
2/28/2017,2:10:05,43.834306,-79.333053,0.091,0.001,0.039,0,0.001,22.19,0,165,0,2.895,0,100.342,31.6,10.5,22.3,18.6,0
2/28/2017,2:11:35,43.834306,-79.333053,0.033,0.001,0.039,0,0.002,20.451,0,170,0,0,0,100.342,31.7,10.5,22.2,18.5,0
2/28/2017,2:13:05,43.834306,-79.333053,0.079,0.001,0.035,0,0.002,19.608,0,173,0,0.965,0,100.342,31.7,10.5,22.2,18.5,0
2/28/2017,2:13:05,43.834306,-79.333053,0.079,0.001,0.035,0,0.002,19.608,0,173,0,0.965,0,100.342,31.7,10.5,22.2,18.5,0
2/28/2017,2:16:05,43.834306,-79.333053,0.022,0.001,0.029,0,0.002,21.167,0,172,0,0.482,0.005,100.341,31.7,10.5,22.3,18.6,0
2/28/2017,2:17:35,43.834306,-79.333053,0.022,0.001,0.041,0,0.002,21.167,0,169,0,0,0.011,100.347,31.7,10.5,22.3,18.6,0
2/28/2017,2:19:05,43.834306,-79.333053,0.022,0.001,0.039,0,0.002,21.749,0,171,0,0,0.005,100.344,31.7,10.5,22.3,18.6,0
2/28/2017,2:20:35,43.834306,-79.333053,0.022,0.001,0.031,23.049,0.001,20.309,0,173,0,2.895,0,100.341,31.7,10.5,22.3,18.6,0
2/28/2017,2:22:05,43.834306,-79.333053,0,0.001,0.046,0,0.002,21.896,0,167,0,0,0,100.339,31.7,10.5,22.4,18.7,0
2/28/2017,2:23:35,43.834306,-79.333053,0,0.001,0.034,0,0.002,20.736,0,172,0,0,0,100.339,31.7,10.5,22.3,18.6,0
2/28/2017,2:25:05,43.834306,-79.333053,0.022,0.001,0.041,0,0.001,23.693,0,169,0,2.412,0,100.341,31.7,10.5,22.4,18.7,0
2/28/2017,2:26:35,43.834306,-79.333053,0.033,0.001,0.05,0,0.001,23.541,0,167,0,0,0,100.347,31.6,10.5,22.3,18.6,0
2/28/2017,2:28:05,43.834306,-79.333053,0.079,0.001,0.041,0,0.001,24.154,0,168,0,1.447,0,100.349,31.6,10.5,22.3,18.7,0
2/28/2017,2:29:35,43.834306,-79.333053,0.068,0.001,0.033,0,0.001,21.167,0,173,0,0,0.027,100.347,31.8,10.5,22.2,18.7,0
2/28/2017,2:31:05,43.834306,-79.333053,0.045,0.001,0.054,63.333,0.001,25.087,0,167,0,0.482,0.005,100.348,31.7,10.4,22.3,18.7,0
2/28/2017,2:32:36,43.834306,-79.333053,0,0.001,0.043,0,0.001,19.608,0,171,0,0,0,100.345,31.7,10.5,22.2,18.7,0
2/28/2017,2:32:36,43.834306,-79.333053,0,0.001,0.043,0,0.001,19.608,0,171,0,0,0,100.345,31.7,10.5,22.2,18.7,0
2/28/2017,2:35:36,43.834306,-79.333053,0,0.001,0.035,9.622,0.001,23.086,0,170,0,0.482,0.011,100.347,31.7,10.4,22.2,18.7,0
2/28/2017,2:37:06,43.834306,-79.333053,0.033,0.001,0.045,0,0.001,22.19,0,169,0,0,0.005,100.346,31.6,10.4,22.3,18.6,0
2/28/2017,2:38:36,43.834306,-79.333053,0.022,0.001,0.032,0,0.001,19.748,0,173,0,0,0,100.346,31.7,10.4,22.3,18.7,0
2/28/2017,2:40:06,43.834306,-79.333053,0.056,0.001,0.033,0,0.001,20.736,0,171,0,0,0.005,100.346,31.6,10.4,22.3,18.7,0
2/28/2017,2:41:36,43.834306,-79.333053,0.045,0.001,0.035,0,0.001,20.309,0,172,0,0,0,100.348,31.7,10.5,22.3,18.7,0
2/28/2017,2:43:06,43.834306,-79.333053,0.045,0.001,0.029,0,0.001,20.593,0,174,0,0,0,100.344,31.7,10.5,22.3,18.7,0
2/28/2017,2:43:06,43.834306,-79.333053,0.045,0.001,0.029,0,0.001,20.593,0,174,0,0,0,100.344,31.7,10.5,22.3,18.7,0
2/28/2017,2:46:06,43.834306,-79.333053,0,0,0.035,0,0.001,25.402,0,171,0,0,0,100.333,31.8,10.4,22.3,18.8,0
2/28/2017,2:47:36,43.834306,-79.333053,0.091,0.001,0.042,90.188,0.001,25.244,0,170,0,0.482,0.016,100.336,31.8,10.4,22.2,18.7,0
2/28/2017,2:49:06,43.834306,-79.333053,0.056,0.001,0.048,0,0.001,22.936,0,168,0,1.93,0,100.341,31.6,10.5,22.2,18.7,0
2/28/2017,2:50:36,43.834306,-79.333053,0,0.001,0.046,23.049,0.001,22.636,0,170,0,0,0.021,100.343,31.7,10.4,22.2,18.7,0
2/28/2017,2:52:06,43.834306,-79.333053,0.045,0.001,0.04,63.333,0.001,19.057,0,172,0.2,0,0.005,100.344,31.8,10.4,22.2,18.7,0
2/28/2017,2:53:36,43.834306,-79.333053,0.033,0.001,0.038,0,0.001,20.451,0,173,0.2,0.482,0.005,100.337,31.7,10.5,22.1,18.7,0
2/28/2017,2:55:06,43.834306,-79.333053,0,0.001,0.039,0,0.002,21.312,0,173,0.2,0,0.005,100.342,31.7,10.5,22.1,18.7,0
2/28/2017,2:56:36,43.834306,-79.333053,0.033,0.001,0.038,0,0.001,21.603,0,172,0.2,0.482,0,100.347,31.6,10.4,22.2,18.7,0
2/28/2017,2:58:06,43.834306,-79.333053,0.068,0.001,0.045,36.477,0.001,23.541,0,169,0.2,0,0,100.346,31.6,10.5,22.2,18.7,0
2/28/2017,2:59:36,43.834306,-79.333053,0.045,0.001,0.036,0,0.001,21.749,0,171,0.2,2.412,0,100.344,31.6,10.4,22.2,18.8,0
2/28/2017,3:01:06,43.834306,-79.333053,0.01,0.001,0.026,0,0.001,20.736,0,173,0.2,0,0.011,100.346,31.7,10.4,22.2,18.7,0
2/28/2017,3:02:36,43.834306,-79.333053,0,0.001,0.045,0,0.001,20.879,0,172,0.2,0,0.005,100.351,31.7,10.5,22.3,18.8,0
2/28/2017,3:02:36,43.834306,-79.333053,0,0.001,0.045,0,0.001,20.879,0,172,0.2,0,0.005,100.351,31.7,10.5,22.3,18.8,0
2/28/2017,3:05:36,43.834306,-79.333053,0.079,0.001,0.029,0,0.001,20.736,0,174,0.2,0,0,100.356,31.7,10.4,22.2,18.8,0
2/28/2017,3:07:06,43.834306,-79.333053,0.045,0.001,0.042,0,0.001,21.457,0,169,0.2,0,0,100.354,31.7,10.4,22.1,18.8,0
2/28/2017,3:08:36,43.834306,-79.333053,0.091,0.001,0.032,0,0.001,23.086,0,170,0.2,0,0.005,100.357,31.7,10.4,22.1,18.8,0
2/28/2017,3:10:07,43.834306,-79.333053,0.068,0.001,0.026,103.616,0.001,18.92,0,173,0.2,0,0,100.358,31.7,10.5,22.2,18.7,0
2/28/2017,3:11:37,43.834306,-79.333053,0.045,0.001,0.039,9.622,0.001,19.194,0,176,0.2,0,0.016,100.354,31.7,10.4,22.1,18.7,0
2/28/2017,3:13:07,43.834306,-79.333053,0.01,0.001,0.039,0,0.001,19.748,0,177,0.2,0,0.005,100.361,31.7,10.4,22.1,18.7,0
2/28/2017,3:13:07,43.834306,-79.333053,0.01,0.001,0.039,0,0.001,19.748,0,177,0.2,0,0.005,100.361,31.7,10.4,22.1,18.7,0
2/28/2017,3:16:07,43.834306,-79.333053,0.068,0,0.033,0,0.001,23.086,0,169,0.2,0,0,100.365,31.7,10.4,22,18.8,0
2/28/2017,3:17:37,43.834306,-79.333053,0.045,0.001,0.046,0,0.001,22.936,0,169,0.2,0,0.021,100.372,31.7,10.4,22.3,18.8,0
2/28/2017,3:19:07,43.834306,-79.333053,0.068,0,0.054,0,0.001,24.154,0,168,0.2,0,0.011,100.375,31.7,10.4,22.4,18.8,0
2/28/2017,3:20:37,43.834306,-79.333053,0.033,0.001,0.033,0,0.001,21.167,0,172,0.2,0,0.005,100.377,31.6,10.4,22.2,18.7,0
2/28/2017,3:22:07,43.834306,-79.333053,0,0.001,0.045,36.477,0.001,22.936,0,170,0.2,0.482,0.005,100.377,31.6,10.4,22.2,18.8,0
2/28/2017,3:23:37,43.834306,-79.333053,0.079,0.001,0.048,0,0.001,23.389,0,167,0.2,0,0.005,100.375,31.6,10.4,22.3,18.8,0
2/28/2017,3:25:07,43.834306,-79.333053,0.068,0.001,0.038,0,0.001,21.167,0,172,0.2,0.482,0,100.376,31.7,10.4,22.2,18.8,0
2/28/2017,3:26:37,43.834306,-79.333053,0.079,0.001,0.04,0,0.001,21.749,0,170,0.2,0.965,0,100.371,31.6,10.4,22.2,18.8,0
2/28/2017,3:28:07,43.834306,-79.333053,0.056,0.001,0.038,0,0.001,23.389,0,170,0.2,0,0.011,100.372,31.6,10.4,22.1,18.8,0
2/28/2017,3:29:37,43.834306,-79.333053,0.01,0.001,0.042,0,0.001,22.936,0,170,0.2,1.447,0.005,100.367,31.6,10.4,22.1,18.8,0
2/28/2017,3:31:07,43.834306,-79.333053,0.033,0.001,0.036,0,0.001,22.786,0,171,0.2,0.482,0,100.363,31.6,10.4,22,18.8,0
2/28/2017,3:32:37,43.834306,-79.333053,0.079,0.001,0.041,0,0.001,21.749,0,168,0.2,0,0,100.362,31.7,10.4,22.1,18.8,0
2/28/2017,3:32:37,43.834306,-79.333053,0.079,0.001,0.041,0,0.001,21.749,0,168,0.2,0,0,100.362,31.7,10.4,22.1,18.8,0
2/28/2017,3:35:37,43.834306,-79.333053,0.045,0.001,0.031,0,0.001,23.086,0,170,0.2,2.412,0,100.359,31.6,10.4,22.1,18.8,0
2/28/2017,3:37:07,43.834306,-79.333053,0.022,0.001,0.042,0,0.001,22.636,0,171,0.2,0,0.011,100.358,31.6,10.4,22.2,18.9,0
2/28/2017,3:38:37,43.834306,-79.333053,0.022,0.001,0.035,0,0.001,22.043,0,169,0.2,1.93,0,100.355,31.6,10.4,22.2,18.8,0
2/28/2017,3:40:07,43.834306,-79.333053,0.079,0.001,0.04,0,0.001,21.167,0,171,0.2,0.482,0,100.353,31.6,10.4,22.2,18.9,0
2/28/2017,3:41:37,43.834306,-79.333053,0.056,0.001,0.036,0,0.001,21.457,0,170,0.2,0.965,0,100.352,31.6,10.4,22.2,18.9,0
2/28/2017,3:43:07,43.834306,-79.333053,0.056,0.001,0.04,0,0.001,22.636,0,169,0.2,0,0.011,100.353,31.6,10.4,22.1,18.8,0
2/28/2017,3:43:07,43.834306,-79.333053,0.056,0.001,0.04,0,0.001,22.636,0,169,0.2,0,0.011,100.353,31.6,10.4,22.1,18.8,0
2/28/2017,3:46:08,43.834306,-79.333053,0.022,0,0.031,0,0.001,21.749,0,169,0.2,0,0.005,100.345,31.6,10.3,22.2,18.9,0
2/28/2017,3:47:38,43.834306,-79.333053,0.01,0.001,0.039,9.622,0.001,22.338,0,170,0.2,0.482,0.016,100.344,31.6,10.4,22.1,18.8,0
2/28/2017,3:49:08,43.834306,-79.333053,0.01,0.001,0.041,0,0.001,21.749,0,171,0.2,0,0.021,100.341,31.7,10.4,22.1,18.8,0
2/28/2017,3:50:38,43.834306,-79.333053,0.056,0.001,0.042,0,0.001,23.086,0,171,0.2,0,0,100.34,31.6,10.4,22,18.9,0
2/28/2017,3:52:08,43.834306,-79.333053,0.068,0.001,0.049,0,0.001,22.636,0,168,0.2,0,0,100.342,31.6,10.3,22.1,18.8,0
2/28/2017,3:53:38,43.834306,-79.333053,0.068,0.001,0.029,23.049,0.001,19.887,0,173,0.2,0.965,0.011,100.343,31.6,10.4,22.1,18.8,0
2/28/2017,3:55:08,43.834306,-79.333053,0,0.001,0.047,0,0.001,23.237,0,168,0.2,0,0.005,100.342,31.5,10.4,22.1,18.9,0
2/28/2017,3:56:38,43.834306,-79.333053,0.102,0.001,0.039,9.622,0.001,21.457,0,170,0.2,0,0.005,100.342,31.6,10.3,22.2,18.9,0
2/28/2017,3:58:08,43.834306,-79.333053,0,0.001,0.045,0,0.001,22.043,0,172,0.2,0,0.005,100.339,31.5,10.4,22.2,18.8,0
2/28/2017,3:59:38,43.834306,-79.333053,0.033,0.001,0.035,9.622,0.001,22.636,0,171,0.2,0,0.011,100.342,31.7,10.4,22.2,18.9,0
2/28/2017,4:01:08,43.834306,-79.333053,0,0.001,0.04,0,0.001,20.593,0,172,0.2,0,0,100.34,31.6,10.3,22.1,18.9,0
2/28/2017,4:02:38,43.834306,-79.333053,0.045,0.001,0.041,0,0.001,21.896,0,170,0.2,0,0,100.344,31.6,10.4,22.1,18.9,0
2/28/2017,4:02:38,43.834306,-79.333053,0.045,0.001,0.041,0,0.001,21.896,0,170,0.2,0,0,100.344,31.6,10.4,22.1,18.9,0
2/28/2017,4:05:38,43.834306,-79.333053,0.01,0.001,0.034,0,0.001,22.338,0,172,0.2,0,0.011,100.34,31.6,10.4,22.2,18.9,0
2/28/2017,4:07:08,43.834306,-79.333053,0.045,0.001,0.04,0,0.001,22.487,0,169,0.2,0,0.027,100.337,31.6,10.4,22.1,18.8,0
2/28/2017,4:08:38,43.834306,-79.333053,0,0.001,0.036,0,0,22.487,0,171,0.2,0,0.005,100.333,31.6,10.3,22.1,18.8,0
2/28/2017,4:10:08,43.834306,-79.333053,0.045,0.001,0.033,0,0,22.043,0,171,0.2,0,0.021,100.329,31.6,10.4,22.1,18.9,0
2/28/2017,4:11:38,43.834306,-79.333053,0,0.001,0.035,0,0.001,21.457,0,172,0.2,0.965,0,100.325,31.6,10.3,22,18.9,0
2/28/2017,4:13:08,43.834306,-79.333053,0.045,0.001,0.033,0,0.001,20.028,0,174,0.2,0.482,0.011,100.325,31.6,10.3,22.1,18.9,0
2/28/2017,4:13:08,43.834306,-79.333053,0.045,0.001,0.033,0,0.001,20.028,0,174,0.2,0.482,0.011,100.325,31.6,10.3,22.1,18.9,0
2/28/2017,4:16:09,43.834306,-79.333053,0,0,0.027,0,0.001,23.237,0,168,0.2,0.482,0.005,100.328,31.6,10.4,22.1,18.9,0
2/28/2017,4:17:39,43.834306,-79.333053,0,0,0.048,0,0.001,24.618,0,170,0.2,0,0.038,100.326,31.6,10.3,22.1,18.9,0
2/28/2017,4:19:09,43.834306,-79.333053,0,0.001,0.041,0,0.001,20.879,0,171,0.2,0,0,100.329,31.6,10.4,22.1,19,0
2/28/2017,4:20:39,43.834306,-79.333053,0,0.001,0.038,0,0.001,22.19,0,171,0.2,0,0.016,100.325,31.6,10.3,22.1,18.9,0
2/28/2017,4:22:09,43.834306,-79.333053,0,0.001,0.041,0,0,21.603,0,172,0.2,1.447,0,100.328,31.5,10.3,22.1,18.9,0
2/28/2017,4:23:39,43.834306,-79.333053,0,0.001,0.028,0,0,21.167,0,170,0.2,1.447,0.005,100.324,31.6,10.4,22.2,18.9,0
2/28/2017,4:25:09,43.834306,-79.333053,0,0.001,0.04,0,0.001,23.237,0,166,0.2,1.447,0.011,100.324,31.6,10.4,22,18.9,0
2/28/2017,4:26:39,43.834306,-79.333053,0.022,0.001,0.039,0,0.001,22.043,0,170,0.2,0,0,100.325,31.5,10.3,22.1,18.9,0
2/28/2017,4:28:09,43.834306,-79.333053,0.033,0,0.041,0,0,21.749,0,169,0.2,0,0,100.323,31.5,10.4,22,18.9,0
2/28/2017,4:29:39,43.834306,-79.333053,0.033,0.001,0.04,0,0.001,22.043,0,172,0.2,0,0,100.324,31.5,10.3,22.1,18.9,0
2/28/2017,4:31:09,43.834306,-79.333053,0,0.001,0.043,0,0.001,22.338,0,169,0.2,0,0.032,100.327,31.5,10.3,22.1,18.9,0
2/28/2017,4:32:39,43.834306,-79.333053,0.045,0.001,0.038,0,0,22.786,0,170,0.2,0.482,0,100.327,31.5,10.3,22.1,18.9,0
2/28/2017,4:32:39,43.834306,-79.333053,0.045,0.001,0.038,0,0,22.786,0,170,0.2,0.482,0,100.327,31.5,10.3,22.1,18.9,0
2/28/2017,4:35:39,43.834306,-79.333053,0,0.001,0.038,49.905,0.001,22.786,0,173,0.2,0,0.005,100.332,31.6,10.4,22.1,18.9,0
2/28/2017,4:37:09,43.834306,-79.333053,0.079,0.001,0.031,0,0.001,20.879,0,173,0.2,0,0,100.328,31.5,10.4,22,19,0
2/28/2017,4:38:39,43.834306,-79.333053,0,0.001,0.04,0,0,22.043,0,171,0.2,2.412,0.016,100.326,31.5,10.4,22.1,19,0
2/28/2017,4:40:09,43.834306,-79.333053,0.01,0.001,0.038,0,0,21.457,0,174,0.2,0,0,100.33,31.5,10.4,22.1,18.9,0
2/28/2017,4:41:39,43.834306,-79.333053,0,0.001,0.039,0,0,23.693,0,168,0.2,0,0.021,100.331,31.5,10.3,22.1,18.9,0
2/28/2017,4:43:09,43.834306,-79.333053,0.01,0.001,0.038,0,0,21.167,0,170,0.2,0,0.021,100.328,31.6,10.3,21.9,18.9,0
2/28/2017,4:43:09,43.834306,-79.333053,0.01,0.001,0.038,0,0,21.167,0,170,0.2,0,0.021,100.328,31.6,10.3,21.9,18.9,0
2/28/2017,4:46:09,43.834306,-79.333053,0.022,0,0.032,0,0.001,23.541,0,170,0.2,0,0.011,100.338,31.5,10.3,22.1,18.9,0
2/28/2017,4:47:39,43.834306,-79.333053,0.091,0,0.036,0,0,22.338,0,170,0.2,0,0,100.336,31.6,10.3,22,18.9,0
2/28/2017,4:49:09,43.834306,-79.333053,0,0.001,0.034,0,0.001,21.896,0,169,0.2,1.93,0.005,100.337,31.5,10.3,22.1,19,0
2/28/2017,4:50:39,43.834306,-79.333053,0,0,0.041,0,0,24.154,0,168,0.2,1.93,0,100.334,31.5,10.3,22.1,19,0
2/28/2017,4:52:09,43.834306,-79.333053,0.033,0.001,0.036,0,0.001,22.487,0,170,0.2,0,0,100.337,31.5,10.3,22.2,19,0
2/28/2017,4:53:39,43.834306,-79.333053,0.068,0.001,0.035,0,0,21.457,0,170,0.2,0,0.021,100.341,31.5,10.4,22.1,19,0
2/28/2017,4:55:09,43.834306,-79.333053,0,0.001,0.045,0,0,23.086,0,166,0.2,0.482,0,100.345,31.5,10.3,22,19,0
2/28/2017,4:56:39,43.834306,-79.333053,0.022,0.001,0.038,0,0.001,21.167,0,171,0.2,0,0.011,100.35,31.5,10.4,22.1,18.9,0
2/28/2017,4:58:09,43.834306,-79.333053,0.045,0,0.05,63.333,0,25.878,0,170,0.2,0,0,100.349,31.5,10.3,22,18.9,0
2/28/2017,4:59:39,43.834306,-79.333053,0,0.001,0.038,0,0,21.896,0,166,0.2,1.447,0,100.35,31.6,10.3,22,18.9,0
2/28/2017,5:01:09,43.834306,-79.333053,0,0,0.05,0,0,24.308,0,166,0.2,0,0.005,100.351,31.5,10.4,22,19,0
2/28/2017,5:02:39,43.834306,-79.333053,0,0.001,0.034,0,0,20.028,0,173,0.2,0,0.011,100.349,31.5,10.4,21.9,19,0
2/28/2017,5:02:39,43.834306,-79.333053,0,0.001,0.034,0,0,20.028,0,173,0.2,0,0.011,100.349,31.5,10.4,21.9,19,0
2/28/2017,5:05:39,43.834306,-79.333053,0.033,0,0.045,0,0,23.846,0,171,0.2,0,0.005,100.346,31.5,10.3,22,19,0
2/28/2017,5:07:09,43.834306,-79.333053,0,0,0.039,49.905,0,22.786,0,171,0.2,0,0.016,100.347,31.5,10.3,22.1,19,0
2/28/2017,5:08:39,43.834306,-79.333053,0.01,0,0.036,0,0,22.19,0,172,0.2,0,0.027,100.346,31.5,10.3,22.1,19,0
2/28/2017,5:10:09,43.834306,-79.333053,0.01,0.001,0.039,0,0.001,21.167,0,172,0.2,0,0,100.349,31.4,10.3,22,19,0
2/28/2017,5:11:39,43.834306,-79.333053,0.033,0,0.033,0,0,21.167,0,172,0.2,0,0,100.348,31.4,10.3,22,19,0
2/28/2017,5:13:09,43.834306,-79.333053,0,0.001,0.04,0,0,22.338,0,170,0.2,0.965,0,100.345,31.5,10.3,22,19,0
2/28/2017,5:13:09,43.834306,-79.333053,0,0.001,0.04,0,0,22.338,0,170,0.2,0.965,0,100.345,31.5,10.3,22,19,0
2/28/2017,5:16:09,43.834306,-79.333053,0,0,0.027,0,0.001,24.618,0,171,0.2,0,0,100.354,31.5,10.3,22,19,0
2/28/2017,5:17:40,43.834306,-79.333053,0,0,0.033,9.622,0,24.618,0,172,0.2,0,0.005,100.358,31.5,10.3,22,19,0
2/28/2017,5:19:10,43.834306,-79.333053,0.022,0,0.036,49.905,0,22.338,0,170,0.2,0,0.005,100.355,31.4,10.3,22,19,0
2/28/2017,5:20:40,43.834306,-79.333053,0.033,0,0.032,9.622,0,21.603,0,172,0.2,0,0.016,100.358,31.5,10.3,22.1,19,0
2/28/2017,5:22:10,43.834306,-79.333053,0.01,0.001,0.042,0,0,24.463,0,166,0.2,0,0.021,100.361,31.5,10.4,22,19,0
2/28/2017,5:23:40,43.834306,-79.333053,0,0,0.046,0,0,22.936,0,172,0.2,0.482,0,100.358,31.5,10.4,22.1,19,0
2/28/2017,5:25:10,43.834306,-79.333053,0,0,0.047,0,0,25.402,0,167,0.2,0,0.005,100.361,31.5,10.3,22,19,0
2/28/2017,5:26:40,43.834306,-79.333053,0,0,0.04,0,0,21.749,0,171,0.2,0.482,0,100.367,31.4,10.3,22,19,0
2/28/2017,5:28:10,43.834306,-79.333053,0.033,0,0.035,0,0,21.896,0,171,0.2,0,0.005,100.365,31.4,10.4,22,19.1,0
2/28/2017,5:29:40,43.834306,-79.333053,0.01,0.001,0.042,0,0,22.936,0,169,0.2,0,0.005,100.362,31.4,10.3,22,19,0
2/28/2017,5:31:10,43.834306,-79.333053,0,0,0.039,0,0,22.487,0,169,0.2,0,0,100.358,31.5,10.4,22,19,0
2/28/2017,5:32:40,43.834306,-79.333053,0,0.001,0.035,0,0,21.603,0,169,0.2,0,0,100.351,31.5,10.3,21.9,19,0
2/28/2017,5:32:40,43.834306,-79.333053,0,0.001,0.035,0,0,21.603,0,169,0.2,0,0,100.351,31.5,10.3,21.9,19,0
2/28/2017,5:35:40,43.834306,-79.333053,0.01,0,0.036,9.622,0,23.846,0,170,0.2,0,0.016,100.349,31.5,10.3,22,19.1,0
2/28/2017,5:37:10,43.834306,-79.333053,0.022,0,0.032,0,0,22.338,0,172,0.2,0,0.021,100.352,31.4,10.3,22,19.1,0
2/28/2017,5:38:40,43.834306,-79.333053,0,0,0.041,0,0,23.541,0,170,0.2,0.965,0.005,100.351,31.4,10.3,22,19,0
2/28/2017,5:40:10,43.834306,-79.333053,0,0,0.038,0,0,22.636,0,169,0.2,1.447,0,100.351,31.4,10.3,21.9,19,0
2/28/2017,5:41:40,43.834306,-79.333053,0.033,0,0.038,0,0,21.749,0,171,0.2,0,0,100.344,31.4,10.3,22,19,0
2/28/2017,5:43:10,43.834306,-79.333053,0.033,0,0.039,0,0,22.487,0,169,0.2,0.965,0,100.347,31.5,10.3,22,19.1,0
2/28/2017,5:43:10,43.834306,-79.333053,0.033,0,0.039,0,0,22.487,0,169,0.2,0.965,0,100.347,31.5,10.3,22,19.1,0
2/28/2017,5:46:10,43.834306,-79.333053,0.022,0,0.021,0,0,23.389,0,171,0.2,0.482,0.005,100.344,31.4,10.3,22,19.1,0
2/28/2017,5:47:40,43.834306,-79.333053,0,0,0.035,0,0,23.237,0,170,0.2,0,0.005,100.346,31.5,10.3,22.1,19,0
2/28/2017,5:49:10,43.834306,-79.333053,0,0,0.04,0,0,22.487,0,171,0.2,0,0.011,100.346,31.4,10.3,22,19.1,0
2/28/2017,5:50:40,43.834306,-79.333053,0.01,0,0.047,0,0,22.936,0,171,0.2,0,0,100.349,31.4,10.3,22.1,19.1,0
2/28/2017,5:52:10,43.834306,-79.333053,0.033,0,0.038,0,0,23.237,0,169,0.2,0,0,100.347,31.4,10.3,22.1,19.1,0
2/28/2017,5:53:40,43.834306,-79.333053,0,0,0.04,0,0,22.636,0,169,0.2,0,0.011,100.349,31.3,10.3,22,19.1,0
2/28/2017,5:55:10,43.834306,-79.333053,0.01,0,0.041,0,0,23.389,0,170,0.2,0,0,100.348,31.4,10.3,21.9,19,0
2/28/2017,5:56:40,43.834306,-79.333053,0.033,0,0.04,0,0,22.636,0,171,0.2,1.447,0,100.348,31.4,10.3,22,19,0
2/28/2017,5:58:10,43.834306,-79.333053,0,0,0.047,9.622,0,24.774,0,171,0.2,0,0,100.35,31.4,10.3,22,19,0
2/28/2017,5:59:40,43.834306,-79.333053,0,0,0.039,0,0,22.786,0,171,0.2,0,0.016,100.349,31.4,10.3,22,19,0
2/28/2017,6:01:10,43.834306,-79.333053,0.022,0.001,0.038,0,0,23.086,0,170,0.2,0,0.005,100.346,31.4,10.3,21.9,19,0
2/28/2017,6:02:40,43.834306,-79.333053,0,0,0.027,9.622,0,21.603,0,171,0.2,0,0,100.344,31.4,10.3,21.9,19.1,0
2/28/2017,6:02:40,43.834306,-79.333053,0,0,0.027,9.622,0,21.603,0,171,0.2,0,0,100.344,31.4,10.3,21.9,19.1,0
2/28/2017,6:05:40,43.834306,-79.333053,0.056,0,0.042,0,0,23.086,0,170,0.2,0,0,100.352,31.4,10.3,22,19.1,0
2/28/2017,6:07:10,43.834306,-79.333053,0.033,0,0.045,9.622,0,24.463,0,171,0.2,0.482,0,100.35,31.4,10.3,21.9,19.1,0
2/28/2017,6:08:40,43.834306,-79.333053,0,0.001,0.036,63.333,0,22.786,0,171,0.2,0,0.016,100.348,31.3,10.3,21.9,19.1,0
2/28/2017,6:10:10,43.834306,-79.333053,0.056,0,0.041,9.622,0,24.308,0,171,0.2,0,0,100.345,31.3,10.3,21.9,19.1,0
2/28/2017,6:11:40,43.834306,-79.333053,0,0.001,0.033,0,0,22.19,0,170,0.2,0,0,100.343,31.4,10.3,22,19.1,0
2/28/2017,6:13:10,43.834306,-79.333053,0.045,0,0.038,0,0,22.487,0,169,0.2,0,0,100.344,31.3,10.3,22,19,0
2/28/2017,6:13:10,43.834306,-79.333053,0.045,0,0.038,0,0,22.487,0,169,0.2,0,0,100.344,31.3,10.3,22,19,0
2/28/2017,6:16:10,43.834306,-79.333053,0.022,0,0.036,0,0,23.237,0,170,0.2,0,0,100.351,31.3,10.3,22,19.1,0
2/28/2017,6:17:40,43.834306,-79.333053,0,0,0.038,0,0,24,0,169,0.2,0,0.027,100.347,31.3,10.3,21.9,19.1,0
2/28/2017,6:19:10,43.834306,-79.333053,0,0,0.04,0,0,23.237,0,171,0.2,0.965,0.011,100.349,31.4,10.3,22,19.1,0
2/28/2017,6:20:40,43.834306,-79.333053,0,0.001,0.034,0,0,22.786,0,170,0.2,0.482,0,100.346,31.3,10.3,22.1,19.1,0
2/28/2017,6:22:10,43.834306,-79.333053,0,0,0.042,0,0,23.389,0,171,0.2,0,0,100.349,31.3,10.3,22,19.1,0
2/28/2017,6:23:40,43.834306,-79.333053,0,0,0.042,0,0,22.936,0,171,0.2,0,0.005,100.345,31.3,10.3,22,19.1,0
2/28/2017,6:25:10,43.834306,-79.333053,0.022,0,0.038,23.049,0,22.338,0,173,0.2,0.482,0.016,100.346,31.3,10.3,22,19.1,0
2/28/2017,6:26:40,43.834306,-79.333053,0,0,0.042,0,0,23.389,0,172,0.2,0,0.011,100.348,31.4,10.3,22,19.1,0
2/28/2017,6:28:10,43.834306,-79.333053,0.022,0,0.04,9.622,0,22.786,0,169,0.2,0,0.011,100.347,31.2,10.3,21.9,19.1,0
2/28/2017,6:29:40,43.834306,-79.333053,0,0,0.033,0,0,22.786,0,173,0.2,0,0.011,100.346,31.3,10.3,22,19.1,0
2/28/2017,6:31:10,43.834306,-79.333053,0.01,0,0.042,36.477,0,22.786,0,170,0.2,0,0.016,100.344,31.3,10.3,21.9,19.1,0
2/28/2017,6:32:40,43.834306,-79.333053,0,0,0.038,0,0,21.896,0,174,0.2,0,0.016,100.342,31.4,10.3,21.9,19.1,0
2/28/2017,6:32:40,43.834306,-79.333053,0,0,0.038,0,0,21.896,0,174,0.2,0,0.016,100.342,31.4,10.3,21.9,19.1,0
2/28/2017,6:35:40,43.834306,-79.333053,0,0,0.036,0,0,23.541,0,170,0.2,0.965,0,100.332,31.3,10.3,21.9,19.1,0
2/28/2017,6:37:10,43.834306,-79.333053,0,0,0.038,0,0,23.086,0,170,0.2,0,0.016,100.329,31.3,10.2,22,19.1,0
2/28/2017,6:38:40,43.834306,-79.333053,0.045,0,0.032,0,0,20.879,0,174,0.2,1.93,0,100.33,31.3,10.3,22,19.1,0
2/28/2017,6:40:10,43.834306,-79.333053,0.022,0,0.043,0,0,24.154,0,170,0.2,0,0.011,100.329,31.3,10.3,22,19.1,0
2/28/2017,6:41:40,43.834306,-79.333053,0.079,0,0.035,0,0,21.167,0,174,0.2,0.965,0.005,100.328,31.3,10.3,21.9,19.1,0
2/28/2017,6:43:10,43.834306,-79.333053,0.01,0,0.041,0,0,22.487,0,172,0.2,1.447,0,100.328,31.3,10.3,21.9,19.1,0
2/28/2017,6:43:10,43.834306,-79.333053,0.01,0,0.041,0,0,22.487,0,172,0.2,1.447,0,100.328,31.3,10.3,21.9,19.1,0
2/28/2017,6:46:10,43.834306,-79.333053,0.045,0,0.014,0,0,23.846,0,172,0.2,0.965,0,100.335,31.3,10.3,22,19.1,0
2/28/2017,6:47:40,43.834306,-79.333053,0,0,0.036,0,0,22.636,0,171,0.2,0.482,0,100.33,31.3,10.3,21.9,19.1,0
2/28/2017,6:49:10,43.834306,-79.333053,0,0,0.04,0,0,24,0,171,0.2,0,0,100.328,31.2,10.3,21.9,19.1,0
2/28/2017,6:50:40,43.834306,-79.333053,0,0,0.042,0,0,24.308,0,169,0.2,0,0,100.33,31.2,10.3,21.8,19.1,0
2/28/2017,6:52:10,43.834306,-79.333053,0,0.001,0.029,0,0,21.457,0,166,0.2,0,0,100.332,31.3,10.3,22,19.1,0
2/28/2017,6:53:40,43.834306,-79.333053,0,0,0.033,0,0,21.749,0,173,0.2,0,0,100.33,31.3,10.3,22,19.1,0
2/28/2017,6:55:10,43.834306,-79.333053,0,0,0.047,0,0,26.358,0,170,0.2,0,0.016,100.331,31.2,10.3,21.9,19,0
2/28/2017,6:56:40,43.834306,-79.333053,0,0,0.043,0,0,24.463,0,169,0.2,0,0,100.331,31.2,10.3,21.9,19,0
2/28/2017,6:58:10,43.834306,-79.333053,0,0,0.038,0,0,21.603,0,172,0.2,0,0,100.338,31.2,10.3,21.9,19.1,0
2/28/2017,6:59:40,43.834306,-79.333053,0.022,0,0.038,0,0,22.338,0,171,0.2,0,0,100.337,31.2,10.3,21.9,19.1,0
2/28/2017,7:01:10,43.834306,-79.333053,0,0,0.035,0,0,21.603,0,170,0.2,0,0.016,100.338,31.3,10.3,21.9,19.1,0
2/28/2017,7:02:40,43.834306,-79.333053,0,0,0.034,0,0,21.749,0,174,0.2,0,0,100.339,31.3,10.3,21.8,19.1,0
2/28/2017,7:02:40,43.834306,-79.333053,0,0,0.034,0,0,21.749,0,174,0.2,0,0,100.339,31.3,10.3,21.8,19.1,0
2/28/2017,7:05:40,43.834306,-79.333053,0,0,0.034,0,0,22.487,0,172,0.2,0,0.005,100.334,31.2,10.3,21.9,19.1,0
2/28/2017,7:07:10,43.834306,-79.333053,0.033,0,0.034,0,0,21.896,0,170,0.2,1.447,0,100.336,31.3,10.3,21.9,19.1,0
2/28/2017,7:08:40,43.834306,-79.333053,0,0,0.032,0,0,21.749,0,173,0.2,0.482,0,100.331,31.2,10.3,21.9,19.1,0
2/28/2017,7:10:10,43.834306,-79.333053,0.033,0,0.019,184.182,0,20.879,0,174,0.2,0,0,100.329,31.3,10.3,21.9,19.1,0
2/28/2017,7:11:40,43.834306,-79.333053,0,0,0.038,0,0,23.086,0,169,0.2,0,0,100.331,31.3,10.3,21.9,19.1,0
2/28/2017,7:13:10,43.834306,-79.333053,0.01,0,0.022,0,0,20.168,0,174,0.2,0,0,100.33,31.2,10.3,22,19.1,0
2/28/2017,7:13:10,43.834306,-79.333053,0.01,0,0.022,0,0,20.168,0,174,0.2,0,0,100.33,31.2,10.3,22,19.1,0
2/28/2017,7:16:10,43.834306,-79.333053,0.033,0,0.024,23.049,0,24.154,0,172,0.2,1.447,0,100.333,31.2,10.3,21.8,19.1,0
2/28/2017,7:17:40,43.834306,-79.333053,0,0,0.036,0,0,23.389,0,171,0.2,2.412,0,100.328,31.3,10.3,21.9,19.1,0
2/28/2017,7:19:10,43.834306,-79.333053,0,0,0.036,0,0,22.338,0,173,0.2,0,0.016,100.331,31.2,10.2,21.9,19.1,0
2/28/2017,7:20:40,43.834306,-79.333053,0,0,0.04,0,0,22.786,0,172,0.2,1.93,0,100.329,31.2,10.3,21.9,19.1,0
2/28/2017,7:22:10,43.834306,-79.333053,0.01,0,0.035,0,0,22.487,0,174,0.2,0.482,0.011,100.325,31.3,10.2,21.9,19.1,0
2/28/2017,7:23:40,43.834306,-79.333053,0,0,0.029,0,0,22.636,0,169,0.2,0,0,100.331,31.2,10.3,21.9,19.1,0
2/28/2017,7:25:10,43.834306,-79.333053,0,0,0.035,0,0,23.693,0,170,0.2,0.482,0,100.332,31.3,10.3,21.9,19.1,0
2/28/2017,7:26:40,43.834306,-79.333053,0.033,0,0.04,0,0,23.389,0,169,0.2,1.447,0.011,100.331,31.1,10.3,21.9,19.1,0
2/28/2017,7:28:10,43.834306,-79.333053,0,0,0.038,0,0,22.636,0,173,0.2,0,0,100.332,31.2,10.3,21.8,19.1,0
2/28/2017,7:29:40,43.834306,-79.333053,0,0,0.04,23.049,0,23.541,0,171,0.2,0,0,100.331,31.3,10.3,21.8,19.1,0
2/28/2017,7:31:10,43.834306,-79.333053,0.033,0,0.038,0,0,22.043,0,172,0.2,1.447,0.005,100.328,31.2,10.3,21.9,19.1,0
2/28/2017,7:32:40,43.834306,-79.333053,0.045,0,0.032,0,0,22.043,0,172,0.2,0,0.021,100.332,31.2,10.2,21.9,19.1,0
2/28/2017,7:32:40,43.834306,-79.333053,0.045,0,0.032,0,0,22.043,0,172,0.2,0,0.021,100.332,31.2,10.2,21.9,19.1,0
2/28/2017,7:35:40,43.834306,-79.333053,0.022,0,0.038,49.905,0,24.308,0,172,0.2,0,0,100.336,31.2,10.2,21.8,19.1,0
2/28/2017,7:37:10,43.834306,-79.333053,0.01,0,0.036,0,0,23.541,0,169,0.2,0.482,0.005,100.334,31.2,10.2,21.9,19.1,0
2/28/2017,7:38:40,43.834306,-79.333053,0.022,0,0.027,49.905,0,21.023,0,175,0.2,0,0,100.333,31.2,10.3,21.8,19.1,0
2/28/2017,7:40:10,43.834306,-79.333053,0.056,0,0.032,9.622,0,22.636,0,171,0.2,0.482,0,100.335,31.2,10.3,21.9,19.1,0
2/28/2017,7:41:40,43.834306,-79.333053,0,0,0.041,0,0,22.338,0,169,0.2,0,0,100.334,31.2,10.3,21.9,19.1,0
2/28/2017,7:43:10,43.834306,-79.333053,0.01,0,0.035,0,0,22.786,0,169,0.2,0,0.005,100.335,31.2,10.3,21.9,19.1,0
2/28/2017,7:43:10,43.834306,-79.333053,0.01,0,0.035,0,0,22.786,0,169,0.2,0,0.005,100.335,31.2,10.3,21.9,19.1,0
2/28/2017,7:46:10,43.834306,-79.333053,0.045,0,0.02,9.622,0,24,0,170,0.2,0,0,100.342,31.2,10.3,21.8,19.1,0
2/28/2017,7:47:40,43.834306,-79.333053,0.01,0,0.036,23.049,0,24,0,172,0.2,0,0.005,100.341,31.2,10.3,21.8,19.1,0
2/28/2017,7:49:10,43.834306,-79.333053,0.033,0,0.038,0,0,23.389,0,171,0.2,0,0.011,100.336,31.2,10.3,21.8,19.1,0
2/28/2017,7:50:40,43.834306,-79.333053,0,0,0.047,0,0,24.774,0,168,0.2,0,0.016,100.332,31.2,10.3,21.9,19.1,0
2/28/2017,7:52:10,43.834306,-79.333053,0,0,0.042,0,0,22.936,0,169,0.2,0.965,0,100.327,31.2,10.2,21.9,19.1,0
2/28/2017,7:53:40,43.834306,-79.333053,0,0,0.038,0,0,23.237,0,170,0.2,0,0,100.33,31.2,10.3,21.8,19.2,0
2/28/2017,7:55:10,43.834306,-79.333053,0,0,0.032,0,0,23.086,0,170,0.2,0.482,0,100.331,31.2,10.3,21.8,19.1,0
2/28/2017,7:56:40,43.834306,-79.333053,0,0,0.029,0,0,21.896,0,169,0.2,0.482,0,100.326,31.2,10.3,21.8,19.1,0
2/28/2017,7:58:13,43.834306,-79.333053,0,0,0.04,0,0,23.693,0,170,0.2,0.965,0,100.329,31.2,10.3,21.8,19.1,0
2/28/2017,7:59:43,43.834306,-79.333053,0.01,0,0.029,0,0,22.936,0,170,0.2,0,0.005,100.329,31.1,10.2,21.8,19.1,0
2/28/2017,8:01:13,43.834306,-79.333053,0,0,0.035,9.622,0,23.086,0,174,0.2,0,0,100.33,31.2,10.2,21.8,19.1,0
2/28/2017,8:02:43,43.834306,-79.333053,0,0,0.026,0,0,22.338,0,171,0.2,0,0,100.334,31.1,10.2,21.8,19.1,0
2/28/2017,8:02:43,43.834306,-79.333053,0,0,0.026,0,0,22.338,0,171,0.2,0,0,100.334,31.1,10.2,21.8,19.1,0
2/28/2017,8:05:43,43.834306,-79.333053,0,0,0.026,0,0,21.896,0,173,0.2,0.482,0,100.335,31.2,10.3,21.8,19.1,0
2/28/2017,8:07:13,43.834306,-79.333053,0,0,0.036,0,0,24,0,168,0.2,0,0.027,100.331,31.2,10.3,21.7,19.1,0
2/28/2017,8:08:43,43.834306,-79.333053,0.022,0,0.038,0,0,22.19,0,174,0.2,0,0.016,100.333,31.1,10.3,21.8,19.2,0
2/28/2017,8:10:13,43.834306,-79.333053,0,0,0.039,0,0,24.308,0,171,0.2,0,0.021,100.329,31.2,10.3,21.8,19.2,0
2/28/2017,8:11:43,43.834306,-79.333053,0,0,0.029,0,0,22.786,0,171,0.2,2.895,0,100.326,31.1,10.3,21.8,19.1,0
2/28/2017,8:13:13,43.834306,-79.333053,0,0,0.027,0,0,21.749,0,169,0.2,0,0.005,100.323,31.2,10.2,21.8,19.1,0
2/28/2017,8:13:13,43.834306,-79.333053,0,0,0.027,0,0,21.749,0,169,0.2,0,0.005,100.323,31.2,10.2,21.8,19.1,0
2/28/2017,8:16:13,43.834306,-79.333053,0,0,0.025,0,0,24.774,0,173,0.2,0.482,0,100.321,31.1,10.3,21.9,19.1,0
2/28/2017,8:17:43,43.834306,-79.333053,0,0,0.026,49.905,0,22.487,0,172,0.2,2.412,0.011,100.318,31.1,10.3,21.8,19.1,0
2/28/2017,8:19:13,43.834306,-79.333053,0.01,0,0.031,49.905,0,23.086,0,172,0.2,0,0,100.315,31.2,10.2,21.8,19.1,0
2/28/2017,8:20:43,43.834306,-79.333053,0,0,0.041,9.622,0,24,0,172,0.2,0,0.005,100.315,31.2,10.3,21.8,19.1,0
2/28/2017,8:22:13,43.834306,-79.333053,0,0,0.035,0,0,21.457,0,171,0.2,0,0,100.32,31.2,10.3,21.8,19.2,0
2/28/2017,8:23:43,43.834306,-79.333053,0,0,0.039,0,0,23.846,0,169,0.2,0,0,100.323,31.1,10.3,21.8,19.1,0
2/28/2017,8:25:13,43.834306,-79.333053,0,0,0.031,0,0,24,0,170,0.2,3.377,0,100.33,31.1,10.2,21.9,19.2,0
2/28/2017,8:26:43,43.834306,-79.333053,0.045,0,0.033,0,0,23.846,0,169,0.2,0.482,0.011,100.338,31.1,10.3,21.8,19.1,0
2/28/2017,8:28:13,43.834306,-79.333053,0,0,0.039,0,0,22.043,0,175,0.2,0.482,0.011,100.345,31.2,10.3,21.7,19.1,0
2/28/2017,8:29:43,43.834306,-79.333053,0,0,0.043,0,0,24.463,0,169,0.2,0,0,100.351,31.1,10.3,21.7,19.2,0
2/28/2017,8:31:13,43.834306,-79.333053,0,0,0.04,0,0,23.846,0,172,0.2,0,0.021,100.356,31.1,10.2,21.8,19.2,0
2/28/2017,8:32:43,43.834306,-79.333053,0,0,0.04,0,0,25.402,0,171,0.2,0.482,0,100.357,31.1,10.3,21.7,19.2,0
2/28/2017,8:32:43,43.834306,-79.333053,0,0,0.04,0,0,25.402,0,171,0.2,0.482,0,100.357,31.1,10.3,21.7,19.2,0
2/28/2017,8:35:43,43.834306,-79.333053,0,0,0.029,0,0,21.896,0,172,0.2,1.93,0,100.368,31.1,10.3,21.7,19.2,0
2/28/2017,8:37:13,43.834306,-79.333053,0,0,0.042,0,0,24.154,0,171,0.2,0,0.005,100.367,31.1,10.2,21.8,19.2,0
2/28/2017,8:38:43,43.834306,-79.333053,0.01,0,0.039,0,0,23.693,0,170,0.2,0,0.005,100.371,31.1,10.2,21.7,19.2,0
2/28/2017,8:40:13,43.834306,-79.333053,0.056,0,0.028,0,0,23.693,0,171,0.2,0,0,100.371,31,10.2,21.7,19.2,0
2/28/2017,8:41:43,43.834306,-79.333053,0.068,0,0.036,0,0,22.487,0,171,0.2,0,0.011,100.374,31.1,10.3,21.7,19.2,0
2/28/2017,8:43:13,43.834306,-79.333053,0,0,0.029,0,0,22.487,0,172,0.2,0.482,0,100.374,31,10.3,21.8,19.2,0
2/28/2017,8:43:13,43.834306,-79.333053,0,0,0.029,0,0,22.487,0,172,0.2,0.482,0,100.374,31,10.3,21.8,19.2,0
2/28/2017,8:46:13,43.834306,-79.333053,0.022,0,0.026,0,0,26.037,0,168,0.2,0,0.016,100.367,31,10.3,21.8,19.2,0
2/28/2017,8:47:43,43.834306,-79.333053,0,0,0.031,0,0,23.389,0,171,0.2,0,0.011,100.368,31.1,10.2,21.8,19.2,0
2/28/2017,8:49:13,43.834306,-79.333053,0,0,0.036,0,0,23.846,0,171,0.2,0.965,0.005,100.366,31.1,10.3,21.8,19.2,0
2/28/2017,8:50:43,43.834306,-79.333053,0,0,0.032,0,0,23.693,0,170,0.2,0,0.021,100.365,31.1,10.3,21.8,19.2,0
2/28/2017,8:52:13,43.834306,-79.333053,0,0,0.04,117.044,0,24.774,0,172,0.2,0.482,0.011,100.359,31.1,10.2,21.7,19.2,0
2/28/2017,8:53:43,43.834306,-79.333053,0,0,0.039,0,0,23.389,0,169,0.2,0.965,0.005,100.352,31,10.2,21.7,19.2,0
2/28/2017,8:55:13,43.834306,-79.333053,0,0,0.039,0,0,23.693,0,171,0.2,0,0.005,100.349,31.1,10.2,21.8,19.2,0
2/28/2017,8:56:43,43.834306,-79.333053,0.045,0,0.031,0,0,23.846,0,172,0.2,0,0,100.348,31.1,10.3,21.7,19.2,0
2/28/2017,8:58:13,43.834306,-79.333053,0,0,0.04,0,0,23.693,0,169,0.2,0,0,100.345,31.1,10.3,21.7,19.2,0
2/28/2017,8:59:43,43.834306,-79.333053,0.022,0,0.033,0,0,23.541,0,169,0.2,0,0.005,100.34,31,10.2,21.8,19.2,0
2/28/2017,9:01:13,43.834306,-79.333053,0.022,0,0.041,0,0,23.846,0,171,0.2,0,0,100.337,31.1,10.3,21.7,19.2,0
2/28/2017,9:02:43,43.834306,-79.333053,0,0,0.046,0,0,27.004,0,171,0.2,0.965,0.005,100.335,31.1,10.3,21.8,19.2,0
2/28/2017,9:02:43,43.834306,-79.333053,0,0,0.046,0,0,27.004,0,171,0.2,0.965,0.005,100.335,31.1,10.3,21.8,19.2,0
2/28/2017,9:05:43,43.834306,-79.333053,0.045,0,0.04,0,0,26.358,0,171,0.2,0,0.005,100.335,31,10.2,21.8,19.2,0
2/28/2017,9:07:13,43.834306,-79.333053,0,0,0.04,0,0,22.786,0,169,0.2,1.447,0,100.331,31,10.3,21.8,19.2,0
2/28/2017,9:08:43,43.834306,-79.333053,0,0,0.033,0,0,22.487,0,169,0.2,0.482,0,100.332,31,10.3,21.8,19.2,0
2/28/2017,9:10:13,43.834306,-79.333053,0,0,0.038,0,0,22.936,0,172,0.2,0,0,100.332,31.1,10.2,21.8,19.2,0
2/28/2017,9:11:43,43.834306,-79.333053,0.033,0,0.036,0,0,23.389,0,169,0.2,0,0,100.328,31,10.2,21.8,19.3,0
2/28/2017,9:13:13,43.834306,-79.333053,0,0,0.039,0,0,24.154,0,173,0.2,0,0,100.326,31,10.3,21.7,19.2,0
2/28/2017,9:13:13,43.834306,-79.333053,0,0,0.039,0,0,24.154,0,173,0.2,0,0,100.326,31,10.3,21.7,19.2,0
2/28/2017,9:16:13,43.834306,-79.333053,0.01,0,0.021,0,0,24.308,0,172,0.2,0.965,0,100.322,31,10.3,21.8,19.2,0
2/28/2017,9:17:43,43.834306,-79.333053,0,0,0.04,0,0,24.463,0,169,0.2,0,0,100.313,31,10.3,21.8,19.2,0
2/28/2017,9:19:13,43.834306,-79.333053,0.022,0,0.032,0,0,23.086,0,169,0.2,0,0,100.306,31,10.2,21.7,19.2,0
2/28/2017,9:20:43,43.834306,-79.333053,0.022,0,0.035,0,0,24.308,0,168,0.2,0.965,0,100.306,31,10.2,21.8,19.3,0
2/28/2017,9:22:13,43.834306,-79.333053,0,0,0.035,0,0,23.389,0,172,0.2,0,0.016,100.303,31,10.2,21.7,19.3,0
2/28/2017,9:23:43,43.834306,-79.333053,0,0,0.031,49.905,0,22.936,0,170,0.2,0.965,0,100.307,31,10.3,21.8,19.2,0
2/28/2017,9:25:13,43.834306,-79.333053,0.045,0,0.035,0,0,23.693,0,172,0.2,0.965,0,100.306,31,10.2,21.8,19.3,0
2/28/2017,9:26:43,43.834306,-79.333053,0.01,0,0.034,0,0,23.389,0,169,0.2,0,0,100.304,31,10.3,21.7,19.2,0
2/28/2017,9:28:13,43.834306,-79.333053,0.033,0,0.033,0,0,22.338,0,172,0.2,2.412,0,100.297,31,10.3,21.7,19.2,0
2/28/2017,9:29:43,43.834306,-79.333053,0,0,0.039,0,0,25.087,0,171,0.2,0,0,100.289,31,10.3,21.8,19.3,0
2/28/2017,9:31:13,43.834306,-79.333053,0.056,0,0.032,0,0,21.603,0,173,0.2,0.482,0,100.282,31,10.3,21.7,19.3,0
2/28/2017,9:32:43,43.834306,-79.333053,0.01,0,0.033,0,0,22.043,0,170,0.2,0,0,100.279,30.9,10.3,21.7,19.3,0
2/28/2017,9:32:43,43.834306,-79.333053,0.01,0,0.033,0,0,22.043,0,170,0.2,0,0,100.279,30.9,10.3,21.7,19.3,0
2/28/2017,9:35:43,43.834306,-79.333053,0,0,0.035,0,0,22.636,0,173,0.2,0,0,100.277,31,10.2,21.7,19.3,0
2/28/2017,9:37:13,43.834306,-79.333053,0,0,0.035,0,0,24.154,0,167,0.2,0,0,100.273,30.9,10.2,21.7,19.3,0
2/28/2017,9:38:43,43.834306,-79.333053,0,0,0.043,0,0,24.308,0,170,0.2,0,0.011,100.275,30.9,10.2,21.8,19.3,0
2/28/2017,9:40:13,43.834306,-79.333053,0.045,0,0.036,0,0,22.338,0,173,0.2,0.482,0,100.278,31,10.3,21.8,19.3,0
2/28/2017,9:41:43,43.834306,-79.333053,0,0,0.028,0,0,22.487,0,171,0.2,0,0,100.278,31.1,10.3,21.7,19.3,0
2/28/2017,9:43:13,43.834306,-79.333053,0.045,0,0.032,0,0,25.087,0,170,0.2,0,0.011,100.278,31,10.3,21.8,19.2,0
2/28/2017,9:43:13,43.834306,-79.333053,0.045,0,0.032,0,0,25.087,0,170,0.2,0,0.011,100.278,31,10.3,21.8,19.2,0
2/28/2017,9:46:13,43.834306,-79.333053,0.01,0,0.006,0,0,22.636,0,174,0.2,0,0,100.281,31,10.2,21.7,19.3,0
2/28/2017,9:47:43,43.834306,-79.333053,0.01,0,0.038,0,0,25.402,0,169,0.2,0,0.011,100.285,31,10.3,21.7,19.3,0
2/28/2017,9:49:13,43.834306,-79.333053,0,0,0.039,0,0,24.154,0,166,0.2,0,0.005,100.278,31,10.3,21.7,19.3,0
2/28/2017,9:50:43,43.834306,-79.333053,0,0,0.038,0,0,25.56,0,168,0.2,0,0.011,100.272,31,10.2,21.6,19.3,0
2/28/2017,9:52:13,43.834306,-79.333053,0,0,0.034,0,0,22.19,0,170,0.2,0,0,100.268,31,10.3,21.7,19.3,0
2/28/2017,9:53:43,43.834306,-79.333053,0,0,0.034,23.049,0,24.308,0,172,0.2,0,0.005,100.267,31,10.3,21.7,19.3,0
2/28/2017,9:55:13,43.834306,-79.333053,0,0,0.029,76.76,0,23.846,0,172,0.2,0.482,0,100.267,30.9,10.2,21.8,19.4,0
2/28/2017,9:56:43,43.834306,-79.333053,0.022,0,0.038,0,0,25.087,0,171,0.2,0,0,100.272,31,10.2,21.7,19.4,0
2/28/2017,9:58:13,43.834306,-79.333053,0,0,0.033,0,0,23.693,0,170,0.2,0.482,0,100.271,30.9,10.3,21.8,19.3,0
2/28/2017,9:59:43,43.834306,-79.333053,0.033,0,0.04,0,0,25.719,0,171,0.2,0,0.038,100.274,31,10.3,21.7,19.4,0
2/28/2017,10:01:13,43.834306,-79.333053,0,0,0.026,9.622,0,21.749,0,177,0.2,0,0.027,100.267,31,10.2,21.8,19.3,0
2/28/2017,10:02:43,43.834306,-79.333053,0,0,0.036,0,0,25.878,0,170,0.2,0,0.005,100.266,31,10.3,21.7,19.3,0
2/28/2017,10:02:43,43.834306,-79.333053,0,0,0.036,0,0,25.878,0,170,0.2,0,0.005,100.266,31,10.3,21.7,19.3,0
2/28/2017,10:05:43,43.834306,-79.333053,0,0,0.035,0,0,23.237,0,171,0.2,0,0.011,100.27,31,10.3,21.7,19.3,0
2/28/2017,10:07:13,43.834306,-79.333053,0,0,0.042,0,0,23.389,0,169,0.2,0.965,0.005,100.267,30.9,10.2,21.6,19.4,0
2/28/2017,10:08:43,43.834306,-79.333053,0,0,0.034,0,0,23.541,0,170,0.2,0.965,0,100.261,31,10.2,21.7,19.4,0
2/28/2017,10:10:13,43.834306,-79.333053,0,0,0.043,0,0,26.037,0,167,0.2,0,0.011,100.259,31,10.3,21.6,19.4,0
2/28/2017,10:11:44,43.834306,-79.333053,0.045,0,0.034,0,0,22.786,0,173,0.2,1.447,0,100.26,31,10.2,21.6,19.4,0
2/28/2017,10:13:14,43.834306,-79.333053,0,0,0.039,0,0,24.618,0,173,0.2,0,0.005,100.255,31,10.2,21.7,19.4,0
2/28/2017,10:13:14,43.834306,-79.333053,0,0,0.039,0,0,24.618,0,173,0.2,0,0.005,100.255,31,10.2,21.7,19.4,0
2/28/2017,10:16:14,43.834306,-79.333053,0.045,0,0.029,0,0,25.087,0,168,0.2,1.447,0,100.259,31,10.3,21.8,19.5,0
2/28/2017,10:17:44,43.834306,-79.333053,0,0,0.036,0,0,24,0,168,0.2,0.965,0,100.26,30.9,10.3,21.8,19.4,0
2/28/2017,10:19:14,43.834306,-79.333053,0,0,0.036,0,0,25.56,0,167,0.2,0,0,100.26,30.9,10.3,21.8,19.4,0
2/28/2017,10:20:44,43.834306,-79.333053,0,0,0.048,0,0,25.878,0,167,0.2,1.447,0,100.258,30.8,10.3,21.7,19.4,0
2/28/2017,10:22:14,43.834306,-79.333053,0,0,0.035,0,0,24.774,0,171,0.2,0,0.011,100.249,31,10.3,21.7,19.4,0
2/28/2017,10:23:44,43.834306,-79.333053,0,0,0.035,0,0,25.402,0,170,0.2,0.482,0,100.246,31,10.3,21.7,19.4,0
2/28/2017,10:25:14,43.834306,-79.333053,0.056,0,0.031,0,0,24.774,0,170,0.2,0.965,0.011,100.237,31,10.2,21.6,19.4,0
2/28/2017,10:26:44,43.834306,-79.333053,0,0,0.032,0,0,24.308,0,167,0.2,0,0,100.231,31,10.2,21.7,19.4,0
2/28/2017,10:28:14,43.834306,-79.333053,0.022,0,0.036,0,0,26.842,0,169,0.2,1.447,0,100.221,30.9,10.3,21.6,19.4,0
2/28/2017,10:29:44,43.834306,-79.333053,0.022,0,0.043,23.049,0,24.308,0,173,0.2,1.447,0,100.215,30.9,10.2,21.8,19.5,0
2/28/2017,10:31:14,43.834306,-79.333053,0,0.001,0.043,0,0,25.878,0,167,0.2,0.482,0.005,100.21,30.9,10.3,21.6,19.4,0
2/28/2017,10:32:44,43.834306,-79.333053,0,0,0.039,0,0,23.237,0,170,0.2,0,0.005,100.213,30.8,10.2,21.7,19.4,0
2/28/2017,10:32:44,43.834306,-79.333053,0,0,0.039,0,0,23.237,0,170,0.2,0,0.005,100.213,30.8,10.2,21.7,19.4,0
2/28/2017,10:35:44,43.834306,-79.333053,0,0,0.031,0,0,25.087,0,170,0.2,0.482,0,100.214,30.9,10.2,21.7,19.5,0
2/28/2017,10:37:14,43.834306,-79.333053,0.01,0,0.042,0,0,25.087,0,170,0.2,0,0.005,100.216,30.9,10.2,21.7,19.4,0
2/28/2017,10:38:44,43.834306,-79.333053,0,0,0.038,0,0,24.618,0,171,0.2,0,0.005,100.224,30.9,10.3,21.7,19.4,0
2/28/2017,10:40:14,43.834306,-79.333053,0.045,0,0.029,0,0,23.693,0,167,0.2,0.482,0.021,100.225,31,10.2,21.7,19.4,0
2/28/2017,10:41:44,43.834306,-79.333053,0,0,0.033,0,0,25.087,0,171,0.2,0,0.027,100.235,30.9,10.3,21.6,19.5,0
2/28/2017,10:43:14,43.834306,-79.333053,0,0,0.034,0,0,24.308,0,171,0.2,0,0,100.24,30.9,10.3,21.6,19.5,0
2/28/2017,10:43:14,43.834306,-79.333053,0,0,0.034,0,0,24.308,0,171,0.2,0,0,100.24,30.9,10.3,21.6,19.5,0
2/28/2017,10:46:14,43.834306,-79.333053,0.045,0,0.026,0,0,27.33,0,171,0.2,0,0.011,100.242,30.9,10.3,21.6,19.4,0
2/28/2017,10:47:44,43.834306,-79.333053,0,0,0.029,0,0,25.087,0,170,0.2,0,0,100.249,30.9,10.2,21.7,19.5,0
2/28/2017,10:49:14,43.834306,-79.333053,0,0,0.038,9.622,0,24.93,0,170,0.2,0,0.005,100.25,30.9,10.2,21.7,19.5,0
2/28/2017,10:50:44,43.834306,-79.333053,0.091,0,0.038,0,0,23.693,0,169,0.2,2.895,0,100.255,30.9,10.2,21.7,19.5,0
2/28/2017,10:52:14,43.834306,-79.333053,0,0,0.033,0,0,24.774,0,169,0.2,0,0,100.252,30.9,10.3,21.7,19.4,0
2/28/2017,10:53:44,43.834306,-79.333053,0,0,0.046,0,0,28.153,0,173,0.2,0,0,100.253,31,10.3,21.7,19.5,0
2/28/2017,10:55:14,43.834306,-79.333053,0,0,0.046,63.333,0,26.519,0,171,0.2,0,0,100.253,30.9,10.3,21.7,19.4,0
2/28/2017,10:56:44,43.834306,-79.333053,0,0,0.036,0,0,24.308,0,171,0.2,0,0,100.255,30.9,10.3,21.7,19.5,0
2/28/2017,10:58:14,43.834306,-79.333053,0,0,0.041,0,0,24.154,0,169,0.2,0,0,100.252,30.9,10.3,21.6,19.5,0
2/28/2017,10:59:44,43.834306,-79.333053,0.022,0,0.043,0,0,24.618,0,171,0.2,0.482,0.005,100.247,30.8,10.2,21.7,19.5,0
2/28/2017,11:01:14,43.834306,-79.333053,0,0,0.049,0,0,24.774,0,169,0.2,0,0.005,100.244,30.9,10.3,21.7,19.5,0
2/28/2017,11:02:44,43.834306,-79.333053,0,0,0.038,0,0,25.402,0,172,0.2,0,0,100.236,30.9,10.2,21.7,19.5,0
2/28/2017,11:02:44,43.834306,-79.333053,0,0,0.038,0,0,25.402,0,172,0.2,0,0,100.236,30.9,10.2,21.7,19.5,0
2/28/2017,11:05:44,43.834306,-79.333053,0,0,0.031,0,0,24.774,0,172,0.2,0.482,0,100.235,30.8,10.3,21.8,19.6,0
2/28/2017,11:07:14,43.834306,-79.333053,0,0,0.035,0,0,25.878,0,172,0.2,0,0,100.235,30.8,10.3,21.6,19.5,0
2/28/2017,11:08:44,43.834306,-79.333053,0,0,0.029,0,0,23.389,0,169,0.2,0,0.005,100.236,30.9,10.2,21.7,19.5,0
2/28/2017,11:10:14,43.834306,-79.333053,0,0,0.036,0,0,26.037,0,170,0.2,0.482,0,100.238,30.8,10.2,21.7,19.5,0
2/28/2017,11:11:44,43.834306,-79.333053,0,0,0.042,0,0,24,0,170,0.2,0,0,100.234,30.9,10.3,21.7,19.5,0
2/28/2017,11:13:14,43.834306,-79.333053,0,0,0.036,49.905,0,25.56,0,170,0.2,0.482,0,100.233,30.9,10.3,21.8,19.5,0
2/28/2017,11:13:14,43.834306,-79.333053,0,0,0.036,49.905,0,25.56,0,170,0.2,0.482,0,100.233,30.9,10.3,21.8,19.5,0
2/28/2017,11:16:14,43.834306,-79.333053,0,0,0.021,0,0,24.154,0,171,0.2,0,0,100.22,30.9,10.2,21.6,19.5,0
2/28/2017,11:17:44,43.834306,-79.333053,0.01,0,0.034,0,0,24.463,0,168,0.2,0,0.021,100.218,30.9,10.3,21.7,19.6,0
2/28/2017,11:19:14,43.834306,-79.333053,0.01,0,0.038,90.188,0,25.878,0,170,0.2,0,0,100.213,30.9,10.3,21.8,19.6,0
2/28/2017,11:20:44,43.834306,-79.333053,0,0,0.035,0,0,23.086,0,172,0.2,0,0,100.212,30.7,10.2,21.8,19.5,0
2/28/2017,11:22:14,43.834306,-79.333053,0.01,0,0.025,0,0,23.846,0,171,0.2,0,0.016,100.203,30.9,10.3,21.7,19.5,0
2/28/2017,11:23:44,43.834306,-79.333053,0,0,0.035,0,0,24.774,0,171,0.2,0,0.016,100.201,30.9,10.2,21.6,19.6,0
2/28/2017,11:25:14,43.834306,-79.333053,0,0,0.039,0,0,24.774,0,172,0.2,0,0,100.199,30.9,10.3,21.7,19.5,0
2/28/2017,11:26:44,43.834306,-79.333053,0.022,0,0.031,0,0,24.463,0,170,0.2,0,0.005,100.192,30.9,10.3,21.7,19.5,0
2/28/2017,11:28:14,43.834306,-79.333053,0,0,0.036,49.905,0,23.846,0,172,0.2,0.965,0.005,100.182,30.9,10.3,21.7,19.6,0
2/28/2017,11:29:44,43.834306,-79.333053,0,0,0.031,0,0,24.154,0,171,0.2,0,0,100.177,30.9,10.3,21.7,19.6,0
2/28/2017,11:31:14,43.834306,-79.333053,0.022,0,0.036,0,0,25.56,0,171,0.2,0,0.016,100.177,30.9,10.2,21.7,19.7,0
2/28/2017,11:32:44,43.834306,-79.333053,0,0,0.039,0,0,24.308,0,169,0.2,0,0.011,100.178,30.8,10.3,21.7,19.7,0
2/28/2017,11:32:44,43.834306,-79.333053,0,0,0.039,0,0,24.308,0,169,0.2,0,0.011,100.178,30.8,10.3,21.7,19.7,0
2/28/2017,11:35:44,43.834306,-79.333053,0,0,0.032,0,0,23.693,0,169,0.2,0,0.005,100.187,30.9,10.3,21.6,19.6,0
2/28/2017,11:37:14,43.834306,-79.333053,0,0,0.026,0,0,23.693,0,170,0.2,0,0,100.191,30.8,10.3,21.7,19.6,0
2/28/2017,11:38:44,43.834306,-79.333053,0,0,0.034,0,0,23.541,0,170,0.2,1.93,0,100.19,30.8,10.3,21.7,19.6,0
2/28/2017,11:40:14,43.834306,-79.333053,0,0,0.028,0,0,22.487,0,172,0.2,1.93,0.005,100.186,30.8,10.3,21.8,19.6,0
2/28/2017,11:41:44,43.834306,-79.333053,0.045,0,0.038,0,0,24.308,0,170,0.2,0,0,100.182,30.8,10.3,21.8,19.6,0
2/28/2017,11:43:14,43.834306,-79.333053,0,0,0.048,9.622,0,25.56,0,170,0.2,0,0.005,100.179,30.8,10.3,21.8,19.8,0
2/28/2017,11:43:14,43.834306,-79.333053,0,0,0.048,9.622,0,25.56,0,170,0.2,0,0.005,100.179,30.8,10.3,21.8,19.8,0
2/28/2017,11:46:14,43.834306,-79.333053,0,0,0.019,0,0,25.244,0,170,0.2,0,0.011,100.188,30.8,10.3,21.8,19.8,0
2/28/2017,11:47:44,43.834306,-79.333053,0,0,0.035,0,0,23.846,0,171,0.2,0,0,100.182,30.8,10.3,21.8,19.8,0
2/28/2017,11:49:14,43.834306,-79.333053,0,0,0.035,0,0,23.389,0,169,0.2,0.965,0,100.177,30.8,10.3,21.8,19.7,0
2/28/2017,11:50:44,43.834306,-79.333053,0,0,0.046,0,0,23.693,0,170,0.2,0,0,100.177,30.8,10.3,21.8,19.7,0
2/28/2017,11:52:14,43.834306,-79.333053,0,0,0.042,0,0,24.308,0,170,0.2,0,0.005,100.17,30.7,10.3,21.8,19.7,0
2/28/2017,11:53:44,43.834306,-79.333053,0,0,0.038,49.905,0,22.043,0,172,0.2,0,0.011,100.169,30.8,10.4,21.9,19.8,0
2/28/2017,11:55:14,43.834306,-79.333053,0.045,0,0.04,0,0,23.541,0,171,0.2,0,0,100.168,30.8,10.3,21.8,19.8,0
2/28/2017,11:56:44,43.834306,-79.333053,0,0,0.041,0,0,22.936,0,171,0.2,0,0.016,100.169,30.8,10.4,21.8,19.8,0
2/28/2017,11:58:14,43.834306,-79.333053,0,0,0.034,0,0,22.636,0,170,0.2,0,0,100.167,30.8,10.4,21.8,19.8,0
2/28/2017,11:59:44,43.834306,-79.333053,0,0,0.032,0,0,22.338,0,171,0.2,0,0,100.171,30.8,10.4,21.7,19.8,0
2/28/2017,12:01:14,43.834306,-79.333053,0.01,0,0.04,0,0,24.463,0,170,0.2,0,0.005,100.174,30.8,10.4,21.8,19.9,0
2/28/2017,12:02:44,43.834306,-79.333053,0.01,0,0.038,0,0,23.086,0,170,0.2,0,0.016,100.179,30.9,10.4,21.9,20,0
2/28/2017,12:02:44,43.834306,-79.333053,0.01,0,0.038,0,0,23.086,0,170,0.2,0,0.016,100.179,30.9,10.4,21.9,20,0
2/28/2017,12:05:44,43.834306,-79.333053,0,0,0.032,0,0,22.338,0,169,0.2,0,0.005,100.171,30.8,10.3,21.8,20,0
2/28/2017,12:07:14,43.834306,-79.333053,0,0,0.038,0,0,22.338,0,170,0.2,1.93,0.011,100.18,30.9,10.4,21.8,20,0
2/28/2017,12:08:44,43.834306,-79.333053,0.033,0,0.034,36.477,0,23.237,0,170,0.2,0,0,100.189,30.8,10.4,22,20,0
2/28/2017,12:10:14,43.834306,-79.333053,0,0,0.04,36.477,0,22.936,0,172,0.2,0,0,100.177,30.8,10.4,21.8,20,0
2/28/2017,12:11:44,43.834306,-79.333053,0,0,0.035,0,0,21.457,0,170,0.2,0,0.016,100.173,30.8,10.4,21.8,20,0
2/28/2017,12:13:14,43.834306,-79.333053,0,0,0.036,0,0,22.487,0,171,0.2,0,0,100.169,30.9,10.4,21.9,20.1,0
2/28/2017,12:13:14,43.834306,-79.333053,0,0,0.036,0,0,22.487,0,171,0.2,0,0,100.169,30.9,10.4,21.9,20.1,0
2/28/2017,12:16:14,43.834306,-79.333053,0,0,0.015,63.333,0,23.389,0,172,0.2,0,0,100.161,30.7,10.4,21.9,20.1,0
2/28/2017,12:17:44,43.834306,-79.333053,0.022,0,0.036,0,0,23.541,0,169,0.2,0.482,0.011,100.157,30.8,10.4,21.8,20.1,0
2/28/2017,12:19:14,43.834306,-79.333053,0,0,0.028,0,0,20.879,0,170,0.2,0,0,100.164,30.9,10.4,21.8,20.1,0
2/28/2017,12:20:44,43.834306,-79.333053,0,0,0.035,36.477,0,22.487,0,173,0.2,1.447,0,100.159,30.9,10.4,21.8,20.1,0
2/28/2017,12:22:14,43.834306,-79.333053,0.045,0,0.038,0,0,21.457,0,171,0.2,1.447,0.011,100.156,30.8,10.4,21.8,20.1,0
2/28/2017,12:23:44,43.834306,-79.333053,0,0,0.028,0,0,22.487,0,173,0.2,0,0.016,100.155,30.8,10.4,22,20.1,0
2/28/2017,12:25:14,43.834306,-79.333053,0.022,0,0.041,0,0,23.541,0,171,0.2,0,0.011,100.147,30.8,10.4,21.9,20.2,0
2/28/2017,12:26:44,43.834306,-79.333053,0,0,0.042,63.333,0,21.603,0,169,0.2,0,0,100.143,30.9,10.4,21.8,20.2,0
2/28/2017,12:28:14,43.834306,-79.333053,0,0,0.039,0,0,22.936,0,170,0.2,0,0.011,100.146,30.8,10.4,21.8,20.3,0
2/28/2017,12:29:44,43.834306,-79.333053,0,0,0.04,0,0,22.487,0,171,0.2,0,0.011,100.14,30.9,10.4,21.8,20.2,0
2/28/2017,12:31:14,43.834306,-79.333053,0,0,0.033,0,0,21.896,0,172,0.2,1.447,0,100.141,30.9,10.5,21.9,20.2,0
2/28/2017,12:32:44,43.834306,-79.333053,0,0,0.041,23.049,0,22.786,0,169,0.2,0,0,100.145,30.9,10.5,21.9,20.1,0
2/28/2017,12:32:44,43.834306,-79.333053,0,0,0.041,23.049,0,22.786,0,169,0.2,0,0,100.145,30.9,10.5,21.9,20.1,0
2/28/2017,12:35:44,43.834306,-79.333053,0,0,0.033,0,0,22.19,0,172,0.2,0,0.016,100.162,30.9,10.5,22,20.2,0
2/28/2017,12:37:14,43.834306,-79.333053,0,0,0.036,0,0,21.603,0,172,0.2,0.482,0.005,100.166,30.9,10.5,21.9,20.2,0
2/28/2017,12:38:44,43.834306,-79.333053,0,0,0.038,23.049,0,21.896,0,170,0.2,0,0.005,100.173,30.8,10.4,22,20.2,0
2/28/2017,12:40:14,43.834306,-79.333053,0,0,0.033,0,0,20.879,0,170,0.2,0,0.011,100.177,30.9,10.5,22,20.2,0
2/28/2017,12:41:44,43.834306,-79.333053,0,0,0.035,0,0,21.603,0,170,0.2,0,0,100.18,30.8,10.5,21.9,20.2,0
2/28/2017,12:43:14,43.834306,-79.333053,0,0,0.042,0,0,22.338,0,170,0.2,0,0,100.17,30.9,10.5,21.9,20.2,0
2/28/2017,12:43:14,43.834306,-79.333053,0,0,0.042,0,0,22.338,0,170,0.2,0,0,100.17,30.9,10.5,21.9,20.2,0
2/28/2017,12:46:14,43.834306,-79.333053,0,0,0.012,0,0,22.338,0,170,0.2,1.447,0,100.153,30.9,10.5,22,20.2,0
2/28/2017,12:47:44,43.834306,-79.333053,0,0,0.035,0,0,23.086,0,170,0.2,0,0,100.158,30.9,10.5,21.9,20.1,0
2/28/2017,12:49:14,43.834306,-79.333053,0,0,0.047,0,0,23.086,0,169,0.2,0,0.005,100.165,31,10.5,21.8,20.2,0
2/28/2017,12:50:44,43.834306,-79.333053,0,0,0.041,23.049,0,20.593,0,172,0.2,0,0,100.171,31,10.5,21.8,20.2,0
2/28/2017,12:52:14,43.834306,-79.333053,0.079,0,0.036,0,0,22.936,0,169,0.2,0.482,0,100.172,31,10.5,21.9,20.2,0
2/28/2017,12:53:44,43.834306,-79.333053,0,0,0.034,0,0,22.487,0,171,0.2,0,0,100.169,30.9,10.5,21.9,20.3,0
2/28/2017,12:55:14,43.834306,-79.333053,0,0,0.042,76.76,0,22.043,0,170,0.2,0,0.011,100.164,31,10.5,22,20.3,0
2/28/2017,12:56:44,43.834306,-79.333053,0,0,0.045,0,0,22.487,0,171,0.2,0.482,0.021,100.154,31,10.5,22,20.3,0
2/28/2017,12:58:14,43.834306,-79.333053,0,0,0.043,0,0,22.487,0,169,0.2,0,0,100.15,30.9,10.5,22,20.3,0
2/28/2017,12:59:44,43.834306,-79.333053,0,0,0.033,0,0,23.541,0,170,0.2,0,0,100.149,30.9,10.5,22.1,20.3,0
2/28/2017,13:01:14,43.834306,-79.333053,0,0,0.039,0,0,21.167,0,174,0.2,0,0,100.154,31,10.5,22,20.3,0
2/28/2017,13:02:44,43.834306,-79.333053,0,0,0.035,0,0,21.603,0,171,0.2,0,0.011,100.153,31,10.5,22,20.3,0
2/28/2017,13:02:44,43.834306,-79.333053,0,0,0.035,0,0,21.603,0,171,0.2,0,0.011,100.153,31,10.5,22,20.3,0
2/28/2017,13:05:44,43.834306,-79.333053,0,0,0.033,0,0,25.087,0,169,0.2,0.482,0,100.166,30.9,10.5,22,20.3,0
2/28/2017,13:07:14,43.834306,-79.333053,0.022,0,0.04,0,0,24.308,0,173,0.2,0.482,0,100.169,31,10.5,22,20.3,0
2/28/2017,13:08:44,43.834306,-79.333053,0,0,0.034,0,0,24.93,0,169,0.2,0,0.021,100.164,31,10.5,22,20.3,0
2/28/2017,13:10:14,43.834306,-79.333053,0,0,0.034,0,0,24.93,0,169,0.2,1.93,0,100.156,30.9,10.5,22.1,20.3,0
2/28/2017,13:11:44,43.834306,-79.333053,0,0,0.036,0,0,26.037,0,169,0.2,1.447,0,100.155,31,10.5,22,20.2,0
2/28/2017,13:13:15,43.834306,-79.333053,0,0,0.034,0,0,24.308,0,170,0.4,0.482,0,100.146,31.1,10.6,22,20.2,0
2/28/2017,13:13:15,43.834306,-79.333053,0,0,0.034,0,0,24.308,0,170,0.4,0.482,0,100.146,31.1,10.6,22,20.2,0
2/28/2017,13:16:15,43.834306,-79.333053,0,0,0.021,49.905,0,28.153,0,171,0.4,0,0,100.138,31,10.6,21.9,20.3,0
2/28/2017,13:17:45,43.834306,-79.333053,0.022,0,0.033,0,0,27.167,0,168,0.4,1.447,0,100.135,31,10.5,22,20.3,0
2/28/2017,13:19:15,43.834306,-79.333053,0,0,0.039,0,0,25.244,0,171,0.4,0,0.016,100.129,31.1,10.5,22,20.3,0
2/28/2017,13:20:45,43.834306,-79.333053,0,0,0.041,23.049,0,23.389,0,169,0.4,0,0,100.125,31,10.5,22,20.2,0
2/28/2017,13:22:15,43.834306,-79.333053,0,0,0.039,0,0,22.19,0,170,0.4,0,0.005,100.125,31,10.6,22,20.2,0
2/28/2017,13:23:45,43.834306,-79.333053,0,0,0.04,0,0,22.636,0,172,0.4,0,0,100.12,31,10.6,22.1,20.3,0
2/28/2017,13:25:15,43.834306,-79.333053,0,0,0.038,0,0,23.693,0,169,0.4,1.447,0.016,100.109,31,10.6,22.1,20.3,0
2/28/2017,13:26:45,43.834306,-79.333053,0,0,0.036,0,0,26.197,0,169,1.2,0,0,100.105,31,10.6,22.2,20.3,0
2/28/2017,13:28:15,43.834306,-79.333053,0,0,0.038,117.044,0,22.487,0,176,1.2,0,0.016,100.108,31,10.6,22.2,21.1,0
2/28/2017,13:29:45,43.834306,-79.333053,0,0,0.045,0,0,25.878,0,174,2.2,0,0,100.08,30.8,10.7,22.3,20.6,0
2/28/2017,13:37:01,43.834306,-79.333053,0,0.001,0.043,0,0.003,13.921,0,172,0,0,0,100.099,30.4,11.3,22.5,20.9,0
2/28/2017,13:44:21,43.834306,-79.333053,0.068,0.002,0.035,0,0.008,18.115,0,165,0.8,0,0,100.084,30.1,11.8,22.6,20.9,0
2/28/2017,13:45:51,43.834306,-79.333053,0.068,0.004,0.042,0,0.005,16.92,0,167,0.8,1.93,0.005,100.079,30.3,11.7,22.6,20.8,0
2/28/2017,13:47:21,43.834306,-79.333053,0.045,0.004,0.039,0,0.004,18.004,0,165,0.8,0.482,0,100.095,30.2,11.7,22.6,20.7,0
2/28/2017,13:48:51,43.834306,-79.333053,0.068,0.005,0.054,0,0.004,18.226,0,166,0.8,0.482,0.027,100.103,30.3,11.7,22.7,20.6,0
2/28/2017,13:50:21,43.834306,-79.333053,0.01,0.005,0.048,0,0.01,18.898,0,168,0.8,0.965,0,100.107,30.4,11.7,22.6,20.6,0
2/28/2017,13:51:51,43.834306,-79.333053,0.01,0.007,0.054,0,0.017,21.958,0,165,0.8,0.965,0.005,100.102,30.3,11.6,22.7,21.1,0
2/28/2017,14:08:52,43.834306,-79.333053,0.079,0,0.048,23.049,0.021,24.569,0,165,1.4,0,0,100.142,28.9,13.5,23,20.9,0
2/28/2017,14:10:22,43.834306,-79.333053,0.229,0.001,0.049,90.188,0.015,27.69,0,166,1.4,0.965,0,100.134,29.1,13.3,22.9,21,0
2/28/2017,15:58:53,43.834306,-79.333053,0.114,0.002,0.091,251.321,0.06,30.754,1.207,170,4.4,123.985,0.618,99.897,24.8,18.5,22.1,24.1,0
2/28/2017,16:00:23,43.834306,-79.333053,0.114,0,0.077,63.333,0.021,20.543,1.207,174,4.4,123.985,0.634,99.896,25,18.1,22,23.1,0
2/28/2017,16:01:53,43.834306,-79.333053,0.068,0,0.075,170.755,0.011,17.817,1.609,169,4.4,126.88,0.628,99.89,25.1,17.7,21.5,23.4,0
2/28/2017,16:03:23,43.834306,-79.333053,0,0,0.074,103.616,0.005,14.912,1.609,169,4.4,132.187,0.666,99.885,25.2,17.5,20.8,23.9,0
2/28/2017,16:04:53,43.834306,-79.333053,0.01,0,0.08,157.327,0.003,13.207,2.012,170,4.4,137.494,0.666,99.883,25.3,17.2,20.2,24.4,0
2/28/2017,16:06:24,43.834306,-79.333053,0.056,0,0.075,0,0.002,11.836,1.609,169,4.4,147.625,0.698,99.876,25.2,17.1,19.7,24.9,0
2/28/2017,16:07:54,43.834306,-79.333053,0,0,0.061,264.749,0.001,9.346,1.609,171,4.4,147.625,0.72,99.873,25.3,16.9,19.4,25.5,0
2/28/2017,16:09:24,43.834306,-79.333053,0,0,0.062,170.755,0,9.937,1.609,169,4.4,137.976,0.671,99.877,25.3,16.7,19,26,0
2/28/2017,16:10:54,43.834306,-79.333053,0,0,0.052,197.61,0,9.639,1.207,173,4.4,155.344,0.714,99.879,25.4,16.6,18.6,26.5,0
2/28/2017,16:10:54,43.834306,-79.333053,0,0,0.052,197.61,0,9.639,0.805,173,4.4,155.344,0.714,99.879,25.4,16.6,18.6,26.5,0
2/28/2017,16:13:54,43.834306,-79.333053,0,0,0.055,197.61,0,7.96,1.609,172,4.4,168.852,0.8,99.886,25.3,16.5,18.5,26.9,0
2/28/2017,16:15:24,43.834306,-79.333053,0,0,0.048,63.333,0,8.227,1.207,166,4.4,167.404,0.8,99.884,25.5,16.1,18.1,27.8,0
2/28/2017,16:16:54,43.834306,-79.333053,0.022,0,0.055,224.465,0,7.699,1.609,171,4.4,160.65,0.827,99.873,25.4,16.2,17.8,28.1,0
2/28/2017,16:18:24,43.834306,-79.333053,0,0,0.063,0,0,8.049,0.805,178,4.4,159.203,0.795,99.856,25.5,16.1,18,28.3,0
2/28/2017,16:19:54,43.834306,-79.333053,0,0,0.046,291.604,0,7.528,1.609,171,4.4,143.765,0.693,99.852,25.5,16,17.7,28.5,0
2/28/2017,16:21:24,43.834306,-79.333053,0,0,0.056,90.188,0,7.027,0.805,173,4.4,127.362,0.602,99.848,25.5,16.1,17.7,28.8,0
2/28/2017,16:21:24,43.834306,-79.333053,0,0,0.056,90.188,0,7.027,0.805,173,4.4,127.362,0.602,99.848,25.5,16.1,17.7,28.8,0
2/28/2017,16:24:26,43.834306,-79.333053,0,0,0.047,76.76,0,10.139,0.402,172,4.4,104.688,0.537,99.835,25.5,15.9,17.3,29.3,0
2/28/2017,16:25:56,43.834306,-79.333053,0,0,0.055,76.76,0,13.924,0.402,165,4.4,101.793,0.526,99.828,25.5,15.7,17.3,29.5,0
2/28/2017,16:27:26,43.834306,-79.333053,0,0,0.066,49.905,0,12.973,1.207,163,4.4,105.171,0.526,99.825,25.5,15.6,17.7,29.4,0
2/28/2017,16:28:56,43.834306,-79.333053,0,0,0.052,49.905,0,14.168,0.805,149,4.4,111.925,0.564,99.819,25.5,15.7,17.9,29.1,0
2/28/2017,16:30:26,43.834306,-79.333053,0.022,0,0.053,0,0,16.596,0.805,159,4.4,123.985,0.634,99.814,25.5,15.7,18.4,28.7,0
2/28/2017,16:31:56,43.834306,-79.333053,0.045,0,0.06,0,0.001,19.806,1.609,172,4.4,139.906,0.709,99.809,25.6,15.8,18.8,28.5,0
2/28/2017,16:33:26,43.834306,-79.333053,0.033,0,0.069,130.471,0.001,19.227,1.609,173,4.4,123.985,0.65,99.822,25.5,15.9,19,28.1,0
2/28/2017,16:34:56,43.834306,-79.333053,0.045,0,0.055,63.333,0.001,20.692,1.609,170,4.4,114.337,0.575,99.827,25.6,16.1,19.3,28,0
2/28/2017,16:36:26,43.834306,-79.333053,0.033,0,0.063,278.176,0.001,20.247,1.609,180,4.4,104.688,0.564,99.826,25.8,16.1,19.6,27.8,0
2/28/2017,16:37:56,43.834306,-79.333053,0.079,0,0.057,117.044,0.002,22.52,0.805,168,4.4,105.653,0.591,99.824,25.8,16.2,19.9,27.5,0
2/28/2017,16:39:26,43.834306,-79.333053,0.033,0,0.062,117.044,0.002,25.24,1.609,173,4.4,107.1,0.569,99.821,25.8,16.3,20.1,27.3,0
2/28/2017,16:40:56,43.834306,-79.333053,0.01,0,0.062,0,0.003,27.079,0.805,172,4.4,104.688,0.575,99.818,25.8,16.4,20.4,27,0
2/28/2017,16:40:56,43.834306,-79.333053,0.01,0,0.062,0,0.003,27.079,0,172,4.4,104.688,0.575,99.818,25.8,16.4,20.4,27,0
2/28/2017,16:43:56,43.834306,-79.333053,0.068,0,0.061,0,0.004,29.153,0.805,172,4.4,99.864,0.542,99.82,25.9,16.4,20.5,26.9,0
2/28/2017,16:45:26,43.834306,-79.333053,0.033,0,0.06,0,0.004,26.909,0,157,4.4,18.332,0.032,99.818,26,17.3,20.9,26.7,0
2/28/2017,16:46:56,43.834306,-79.333053,0.045,0,0.067,184.182,0.002,25.405,0,162,4.4,0.965,0,99.82,26,17.1,21.1,26.4,0
2/28/2017,16:48:27,43.834306,-79.333053,0.091,0,0.057,211.038,0.002,28.454,0,166,4.4,0,0,99.809,26.1,17.3,21,26.3,0
2/28/2017,16:49:57,43.834306,-79.333053,0.068,0,0.063,143.899,0.004,31.297,0,166,4.4,0,0,99.809,26.2,17.2,21,26.3,0
2/28/2017,16:51:27,43.834306,-79.333053,0.079,0,0.059,49.905,0.004,30.935,0,167,4.4,0.482,0,99.81,26.2,17.1,21.1,26.2,0
2/28/2017,16:51:27,43.834306,-79.333053,0.079,0,0.059,49.905,0.004,30.935,0,167,4.4,0.482,0,99.81,26.2,17.1,21.1,26.2,0
2/28/2017,16:54:27,43.834306,-79.333053,0.033,0,0.061,278.176,0.004,38.716,0,171,4.6,1.447,0,99.798,26.3,17.1,21.2,26.2,0
